Workbook

Sheet Questions
D1: Expert 1 | G1: Expert 2 | J1: Expert 3
A2: Index | B2: Modeling Stage | C2: Risk Event | D2: Occurence | E2: Detection | F2: Severity | G2: Occurence | H2: Detection | I2: Severity | J2: Occurence | K2: Detection | L2: Severity
A3: 1 | B3: Business Understanding | C3: The objectives of the modeling process are not clearly defined from the outset. | D3: 8 | E3: 7 | F3: 8 | G3: 7 | H3: 7 | I3: 8 | J3: 8 | K3: 4 | L3: 8
A4: 2 | B4: Business Understanding | C4: Regulatory requirements are misinterpreted by the involved teams. | D4: 10 | E4: 3 | F4: 7 | G4: 10 | H4: 4 | I4: 9 | J4: 8 | K4: 5 | L4: 6
A5: 3 | B5: Business Understanding | C5: There are communication failures among the risk, accounting, IT, and business areas. | D5: 10 | E5: 5 | F5: 8 | G5: 8 | H5: 6 | I5: 5 | J5: 8 | K5: 6 | L5: 4
A6: 4 | B6: Business Understanding | C6: Responsibilities in the modeling process are not clearly distributed. | D6: 10 | E6: 8 | F6: 10 | G6: 8 | H6: 5 | I6: 8 | J6: 7 | K6: 5 | L6: 9
A7: 5 | B7: Business Understanding | C7: There is no formal process to review and update the modeling scope. | D7: 10 | E7: 10 | F7: 10 | G7: 3 | H7: 5 | I7: 5 | J7: 9 | K7: 3 | L7: 8
A8: 6 | B8: Data Understanding | C8: The databases present issues of completeness, consistency, or reliability. | D8: 10 | E8: 5 | F8: 10 | G8: 8 | H8: 4 | I8: 8 | J8: 7 | K8: 5 | L8: 6
A9: 7 | B9: Data Understanding | C9: Deadlines for data delivery are frequently not met. | D9: 10 | E9: 5 | F9: 7 | G9: 9 | H9: 4 | I9: 8 | J9: 4 | K9: 6 | L9: 2
A10: 8 | B10: Data Understanding | C10: The data used in the model are not properly documented or understood. | D10: 7 | E10: 8 | F10: 6 | G10: 5 | H10: 3 | I10: 6 | J10: 8 | K10: 4 | L10: 9
A11: 9 | B11: Data Understanding | C11: Teams face difficulties in accessing the necessary data sources. | D11: 10 | E11: 1 | F11: 4 | G11: 9 | H11: 1 | I11: 6 | J11: 9 | K11: 6 | L11: 7
A12: 10 | B12: Data Understanding | C12: There is no continuous monitoring of data quality. | D12: 7 | E12: 5 | F12: 7 | G12: 6 | H12: 6 | I12: 5 | J12: 8 | K12: 2 | L12: 7
A13: 11 | B13: Data Preparation | C13: Data processing is carried out without a well-defined technical standard. | D13: 5 | E13: 6 | F13: 7 | G13: 4 | H13: 6 | I13: 6 | J13: 9 | K13: 3 | L13: 6
A14: 12 | B14: Data Preparation | C14: Feature engineering is performed without clear technical criteria. | D14: 5 | E14: 7 | F14: 6 | G14: 3 | H14: 5 | I14: 6 | J14: 9 | K14: 6 | L14: 7
... A38: 36 | B38: Overview | C38: The maturity of governance regarding the new way of managing the portfolio under the new regulation focused on credit risk. | D38: 10 | E38: 10 | F38: 10 | G38: 8 | H38: 9 | I38: 9 | J38: 7 | K38: 7 | L38: 9

Sheet tabelaas de nota
A1: 1
A2: 2
A3: 3
A4: 4
A5: 5
A6: 6
A7: 7
A8: 8
A9: 9
A10: 10

Sheet Eventos_tabulados
A1: Índice | B1: Nº Etapa | C1: Nº Pergunta | D1: Etapas da Modelagem | E1: Eventos de Risco | F1: Ocorrência | G1: Detecção | H1: Severidade
A2: 1 | B2: 1 | C2: =B2&"."&A2 -> 1.1 | D2: Entendimento do Negócio | E2: Os objetivos da modelagem não são claramente definidos desde o início.
A3: 2 | B3: 1 | C3: =B3&"."&A3 -> 1.2 | D3: Entendimento do Negócio | E3: As exigências regulatórias são mal interpretadas pelas equipes envolvidas.
A4: 3 | B4: 1 | C4: =B4&"."&A4 -> 1.3 | D4: Entendimento do Negócio | E4: Há falhas na comunicação entre as áreas de risco, contabilidade, TI e negócio.
A5: 4 | B5: 1 | C5: =B5&"."&A5 -> 1.4 | D5: Entendimento do Negócio | E5: As responsabilidades no processo de modelagem não estão claramente distribuídas.
A6: 5 | B6: 1 | C6: =B6&"."&A6 -> 1.5 | D6: Entendimento do Negócio | E6: Não existe processo formal para revisar e atualizar o escopo da modelagem.
A7: 6 | B7: 2 | C7: =B7&"."&A2 -> 2.1 | D7: Entendimento dos Dados | E7: As bases de dados apresentam falhas de completude, consistência ou confiabilidade.
A8: 7 | B8: 2 | C8: =B8&"."&A3 -> 2.2 | D8: Entendimento dos Dados | E8: Os prazos para entrega dos dados frequentemente não são cumpridos.
A9: 8 | B9: 2 | C9: =B9&"."&A4 -> 2.3 | D9: Entendimento dos Dados | E9: Os dados utilizados no modelo não estão devidamente documentados ou compreendidos.
A10: 9 | B10: 2 | C10: =B10&"."&A5 -> 2.4 | D10: Entendimento dos Dados | E10: As equipes enfrentam dificuldade para acessar as fontes de dados necessárias.
A11: 10 | B11: 2 | C11: =B11&"."&A6 -> 2.5 | D11: Entendimento dos Dados | E11: Não há monitoramento contínuo da qualidade dos dados.
A12: 11 | B12: 3 | C12: =B12&"."&A2 -> 3.1 | D12: Preparação dos Dados | E12: O tratamento dos dados é realizado sem um padrão técnico bem definido.
A13: 12 | B13: 3 | C13: =B13&"."&A3 -> 3.2 | D13: Preparação dos Dados | E13: A engenharia de variáveis é feita sem critérios técnicos claros.
A14: 13 | B14: 3 | C14: =B14&"."&A4 -> 3.3 | D14: Preparação dos Dados | E14: O processo de preparação dos dados demanda retrabalho frequente.
A15: 14 | B15: 3 | C15: =B15&"."&A5 -> 3.4 | D15: Preparação dos Dados | E15: As transformações de dados não passam por revisão técnica formal.
A16: 15 | B16: 3 | C16: =B16&"."&A6 -> 3.5 | D16: Preparação dos Dados | E16: Não existe repositório centralizado com versões dos datasets utilizados.
A17: 16 | B17: 4 | C17: =B17&"."&A2 -> 4.1 | D17: Modelagem | E17: Os algoritmos escolhidos são inadequados ao problema modelado.
A18: 17 | B18: 4 | C18: =B18&"."&A3 -> 4.2 | D18: Modelagem | E18: A equipe responsável não possui conhecimento técnico suficiente.
A19: 18 | B19: 4 | C19: =B19&"."&A4 -> 4.3 | D19: Modelagem | E19: A introdução de cenários macroeconômicos é feita de forma incorreta ou incompleta.
A20: 19 | B20: 4 | C20: =B20&"."&A5 -> 4.4 | D20: Modelagem | E20: O risco de overfitting não é considerado ou tratado adequadamente.
A21: 20 | B21: 4 | C21: =B21&"."&A6 -> 4.5 | D21: Modelagem | E21: Não são aplicadas técnicas de validação cruzada ou similares.
A22: 21 | B22: 5 | C22: =B22&"."&A2 -> 5.1 | D22: Avaliação do Modelo | E22: Os modelos não são validados com métricas estatísticas adequadas.
A23: 22 | B23: 5 | C23: =B23&"."&A3 -> 5.2 | D23: Avaliação do Modelo | E23: Os testes de estabilidade e aderência regulatória são falhos ou inexistentes.
A24: 23 | B24: 5 | C24: =B24&"."&A4 -> 5.3 | D24: Avaliação do Modelo | E24: Não há comitê ou instância formal de validação técnica dos modelos.
A25: 24 | B25: 5 | C25: =B25&"."&A5 -> 5.4 | D25: Avaliação do Modelo | E25: A validação dos modelos não inclui testes fora da amostra (out-of-sample).
A26: 25 | B26: 5 | C26: =B26&"."&A6 -> 5.5 | D26: Avaliação do Modelo | E26: Os resultados da avaliação não são devidamente documentados e arquivados.
A27: 26 | B27: 6 | C27: =B27&"."&A2 -> 6.1 | D27: Implementação e Monitoramento | E27: A documentação técnica e funcional dos modelos é incompleta ou desatualizada.
A28: 27 | B28: 6 | C28: =B28&"."&A3 -> 6.2 | D28: Implementação e Monitoramento | E28: A integração com os sistemas de TI ou contabilidade é falha ou lenta.
A29: 28 | B29: 6 | C29: =B29&"."&A4 -> 6.3 | D29: Implementação e Monitoramento | E29: Não há cronograma definido para revalidação dos modelos em produção.
A30: 29 | B30: 6 | C30: =B30&"."&A5 -> 6.4 | D30: Implementação e Monitoramento | E30: Os modelos em produção não são acompanhados com indicadores atualizados.
A31: 30 | B31: 6 | C31: =B31&"."&A6 -> 6.5 | D31: Implementação e Monitoramento | E31: Falhas de produção ou erros de cálculo não são rapidamente detectados.
A32: 31 | B32: 7 | C32: =B32&"."&A2 -> 7.1 | D32: Visão Geral | E32: O processo como um todo apresenta falhas recorrentes e falta de controle.
A33: 32 | B33: 7 | C33: =B33&"."&A3 -> 7.2 | D33: Visão Geral | E33: Os controles existentes são insuficientes para mitigar riscos operacionais.
A34: 33 | B34: 7 | C34: =B34&"."&A4 -> 7.3 | D34: Visão Geral | E34: O nível de risco da modelagem da perda esperada é considerado elevado.
A35: 34 | B35: 7 | C35: =B35&"."&A5 -> 7.4 | D35: Visão Geral | E35: A comunicação entre as áreas ao longo do processo é falha ou ineficaz.
A36: 35 | B36: 7 | C36: =B36&"."&A6 -> 7.5 | D36: Visão Geral | E36: A organização não está preparada para adaptar os modelos às mudanças regulatórias.

Sheet Occurence
A1: Scoring | B1: Occurrence | C1: Description
A2: 1 | B2: Extremely Rare | C2: Chance of occurrence lower than 0.1%
A3: 2 | B3: Very Rare | C3: Chance of occurrence lower than 1%
A4: 3 | B4: Rarely Occurs | C4: Chance of occurrence between 1% and 3%
A5: 4 | B5: Has Occurred a Few Times | C5: Chance of occurrence between 3% and 5%
A6: 5 | B6: Occurs Sporadically | C6: Chance of occurrence between 5% and 8%
A7: 6 | B7: Occurs Occasionally | C7: Chance of occurrence between 8% and 15%
A8: 7 | B8: Occurs with Some Regularity | C8: Chance of occurrence between 15% and 25%
A9: 8 | B9: Occurs Frequently | C9: Chance of occurrence between 25% and 35%
A10: 9 | B10: Occurs Very Frequently | C10: Chance of occurrence between 35% and 50%
A11: 10 | B11: Failure Occurs Almost Always | C11: Chance of occurrence greater than 50%

Sheet Detection
A1: Scoring | B1: Detection | C1: Description
A2: 1 | B2: Certain | C2: The failure will be detected immediately during model construction, documentation, or validation (robust and automatic controls are in place).
A3: 2 | B3: Almost Certain | C3: The failure will likely be detected during the statistical validation stage or compliance analysis before implementation.
A4: 3 | B4: High | C4: The failure may be detected if a detailed validation and cross-review among areas (e.g., IT, risk, accounting) is performed.
A5: 4 | B5: Moderately High | C5: The failure may be detected if an in-depth analysis is conducted with access to additional data and explanatory models.
A6: 5 | B6: Moderate | C6: The failure may be detected through formal review plus auxiliary indicators, but it requires the mobilization of specialized resources.
A7: 6 | B7: Low | C7: The failure may be detected only if external teams or internal consultancies are mobilized, which does not occur in the standard process.
A8: 7 | B8: Very Low | C8: The failure is very difficult to detect before production deployment, even with internal review.
A9: 8 | B9: Remote | C9: The failure is extremely difficult to identify and would require specific audits or rare retrospective analyses.
A10: 9 | B10: Very Remote | C10: The failure could only be perceived after causing impact, requiring significant forensic or historical effort.
A11: 10 | B11: Impossible | C11: There are no controls that allow prior detection of the failure; it will only be perceived after loss, non-compliance, or regulatory enforcement.

Sheet Severity
A1: Scoring | B1: Detection | C1: Description
A2: 1 | B2: None | C2: The failure does not affect model performance and has no impact on provisioning calculations or the decision-making process.
A3: 2 | B3: Very Low | C3: The failure may generate statistically irrelevant impact, with no effect on provisioning or decisions, and occurs in very specific scenarios.
A4: 3 | B4: Low | C4: May generate slight distortion in the model outputs, with no relevant impact on accounting or managerial reports.
A5: 4 | B5: Minor | C5: May require additional attention in a specific stage of the process, with limited operational impact and delivery delays.
A6: 5 | B6: Moderate | C6: May impact model stability or lead to inadequate provisioning in certain segments or specific portfolios.
A7: 6 | B7: Moderately High | C7: May lead to revision of credit strategies; failures impact relevant groups and require reclassification or model adjustments.
A8: 7 | B8: High | C8: Significant impact on risk measurement; may distort provisions and require urgent recalibration or reassessment of the model.
A9: 8 | B9: Very High | C9: Generates critical failures in expected loss estimation; may cause regulatory non-compliance or recurring incorrect provisioning.
A10: 9 | B10: Extremely High | C10: Interrupts the use of the model; results become unreliable; severe potential losses; requires intervention and an emergency action plan.
A11: 10 | B11: Catastrophic | C11: Direct impact on compliance with CMN 4966/2021 regulation, compromising the integrity of financial reporting, with risk of sanctions and severe material losses.

Sheet Planilha1
D1: Expert 1 | G1: Expert 2 | J1: Expert 3
A2: Índice | B2: Etapas da Modelagem | C2: Eventos de Risco | D2: Ocorrência | E2: Detecção | F2: Severidade | G2: Ocorrência | H2: Detecção | I2: Severidade | J2: Ocorrência | K2: Detecção | L2: Severidade
A3: 1 | B3: Entendimento do Negócio | C3: Os objetivos da modelagem não são claramente definidos desde o início. | D3: 8 | E3: 7 | F3: 8 | G3: 7 | H3: 7 | I3: 8 | J3: 8 | K3: 4 | L3: 8
A4: 2 | B4: Entendimento do Negócio | C4: As exigências regulatórias são mal interpretadas pelas equipes envolvidas. | D4: 10 | E4: 3 | F4: 7 | G4: 10 | H4: 4 | I4: 9 | J4: 8 | K4: 5 | L4: 6
A5: 3 | B5: Entendimento do Negócio | C5: Há falhas na comunicação entre as áreas de risco, contabilidade, TI e negócio. | D5: 10 | E5: 5 | F5: 8 | G5: 8 | H5: 6 | I5: 5 | J5: 8 | K5: 6 | L5: 4
A6: 4 | B6: Entendimento do Negócio | C6: As responsabilidades no processo de modelagem não estão claramente distribuídas. | D6: 10 | E6: 8 | F6: 10 | G6: 8 | H6: 5 | I6: 8 | J6: 7 | K6: 5 | L6: 9
A7: 5 | B7: Entendimento do Negócio | C7: Não existe processo formal para revisar e atualizar o escopo da modelagem. | D7: 10 | E7: 10 | F7: 10 | G7: 3 | H7: 5 | I7: 5 | J7: 9 | K7: 3 | L7: 8
A8: 6 | B8: Entendimento dos Dados | C8: As bases de dados apresentam falhas de completude, consistência ou confiabilidade. | D8: 10 | E8: 5 | F8: 10 | G8: 8 | H8: 4 | I8: 8 | J8: 7 | K8: 5 | L8: 6
A9: 7 | B9: Entendimento dos Dados | C9: Os prazos para entrega dos dados frequentemente não são cumpridos. | D9: 10 | E9: 5 | F9: 7 | G9: 9 | H9: 4 | I9: 8 | J9: 4 | K9: 6 | L9: 2
A10: 8 | B10: Entendimento dos Dados | C10: Os dados utilizados no modelo não estão devidamente documentados ou compreendidos. | D10: 7 | E10: 8 | F10: 6 | G10: 5 | H10: 3 | I10: 6 | J10: 8 | K10: 4 | L10: 9
A11: 9 | B11: Entendimento dos Dados | C11: As equipes enfrentam dificuldade para acessar as fontes de dados necessárias. | D11: 10 | E11: 1 | F11: 4 | G11: 9 | H11: 1 | I11: 6 | J11: 9 | K11: 6 | L11: 7
A12: 10 | B12: Entendimento dos Dados | C12: Não há monitoramento contínuo da qualidade dos dados. | D12: 7 | E12: 5 | F12: 7 | G12: 6 | H12: 6 | I12: 5 | J12: 8 | K12: 2 | L12: 7
A13: 11 | B13: Preparação dos Dados | C13: O tratamento dos dados é realizado sem um padrão técnico bem definido. | D13: 5 | E13: 6 | F13: 7 | G13: 4 | H13: 6 | I13: 6 | J13: 9 | K13: 3 | L13: 6
A14: 12 | B14: Preparação dos Dados | C14: A engenharia de variáveis é feita sem critérios técnicos claros. | D14: 5 | E14: 7 | F14: 6 | G14: 3 | H14: 5 | I14: 6 | J14: 9 | K14: 6 | L14: 7
... A38: 36 | B38: Visão Geral | C38: A maturidade da governça em relação a nova forma de gerenciar a carteira com a nova regulamentação voltada para risco de crédito. | D38: 10 | E38: 10 | F38: 10 | G38: 8 | H38: 9 | I38: 9 | J38: 7 | K38: 7 | L38: 9

Sheet MASS AND ABNTY
Q2: 36 | R2: 3 | S2: 3 | T2: =S2*R2*Q2 -> 324
D3: K | E3: frame of discernment | H3: Mass Function | K3: Mass Function Normalization | N3: =COUNTIF(N5:N328,"SIM") -> 44
A4: Event | B4: Expert | C4: Type | D4: Scoring | E4: r-1 | F4: r | G4: r+1 | H4: f(r-1) | I4: f® | J4: f(r+1) | K4: f(r-1) | L4: f® | M4: f(r+1) | N4: Excluido
A5: 1 | B5: 1 | C5: O | D5: 8 | E5: =IF(F5-1=0,"",F5-1) -> 7 | F5: =D5 -> 8 | G5: =IF(F5+1=11,"",F5+1) -> 9 | H5: =IF(E5<>"",(1/(0.5*SQRT(2*PI()))) * EXP(-((E5 - $D5)^2)/(2*0.5^2)),"") -> 0.10798193 | I5: =(1/(0.5*SQRT(2*PI()))) * EXP(-((F5 - $D5)^2)/(2*0.5^2)) -> 0.79788456 | J5: =IF(G5<>"",(1/(0.5*SQRT(2*PI()))) * EXP(-((G5 - $D5)^2)/(2*0.5^2)),"") -> 0.10798193 | K5: =IF(H5<>"",H5/(SUM(H5:J5)),"") -> 0.10650698 | L5: =I5/SUM(H5:J5) -> 0.78698604 | M5: =IF(J5<>"",J5/SUM(H5:J5),"") -> 0.10650698
A6: 1 | B6: 2 | C6: O | D6: 7 | E6: =IF(F6-1=0,"",F6-1) -> 6 | F6: =D6 -> 7 | G6: =IF(F6+1=11,"",F6+1) -> 8 | H6: =IF(E6<>"",(1/(0.5*SQRT(2*PI()))) * EXP(-((E6 - $D6)^2)/(2*0.5^2)),"") -> 0.10798193 | I6: =(1/(0.5*SQRT(2*PI()))) * EXP(-((F6 - $D6)^2)/(2*0.5^2)) -> 0.79788456 | J6: =IF(G6<>"",(1/(0.5*SQRT(2*PI()))) * EXP(-((G6 - $D6)^2)/(2*0.5^2)),"") -> 0.10798193 | K6: =IF(H6<>"",H6/(SUM(H6:J6)),"") -> 0.10650698 | L6: =I6/SUM(H6:J6) -> 0.78698604 | M6: =IF(J6<>"",J6/SUM(H6:J6),"") -> 0.10650698
A7: 1 | B7: 3 | C7: O | D7: 8 | E7: =IF(F7-1=0,"",F7-1) -> 7 | F7: =D7 -> 8 | G7: =IF(F7+1=11,"",F7+1) -> 9 | H7: =IF(E7<>"",(1/(0.5*SQRT(2*PI()))) * EXP(-((E7 - $D7)^2)/(2*0.5^2)),"") -> 0.10798193 | I7: =(1/(0.5*SQRT(2*PI()))) * EXP(-((F7 - $D7)^2)/(2*0.5^2)) -> 0.79788456 | J7: =IF(G7<>"",(1/(0.5*SQRT(2*PI()))) * EXP(-((G7 - $D7)^2)/(2*0.5^2)),"") -> 0.10798193 | K7: =IF(H7<>"",H7/(SUM(H7:J7)),"") -> 0.10650698 | L7: =I7/SUM(H7:J7) -> 0.78698604 | M7: =IF(J7<>"",J7/SUM(H7:J7),"") -> 0.10650698
A8: 1 | B8: 1 | C8: D | D8: 7 | E8: =IF(F8-1=0,"",F8-1) -> 6 | F8: =D8 -> 7 | G8: =IF(F8+1=11,"",F8+1) -> 8 | H8: =IF(E8<>"",(1/(0.5*SQRT(2*PI()))) * EXP(-((E8 - $D8)^2)/(2*0.5^2)),"") -> 0.10798193 | I8: =(1/(0.5*SQRT(2*PI()))) * EXP(-((F8 - $D8)^2)/(2*0.5^2)) -> 0.79788456 | J8: =IF(G8<>"",(1/(0.5*SQRT(2*PI()))) * EXP(-((G8 - $D8)^2)/(2*0.5^2)),"") -> 0.10798193 | K8: =IF(H8<>"",H8/(SUM(H8:J8)),"") -> 0.10650698 | L8: =I8/SUM(H8:J8) -> 0.78698604 | M8: =IF(J8<>"",J8/SUM(H8:J8),"") -> 0.10650698
A9: 1 | B9: 2 | C9: D | D9: 7 | E9: =IF(F9-1=0,"",F9-1) -> 6 | F9: =D9 -> 7 | G9: =IF(F9+1=11,"",F9+1) -> 8 | H9: =IF(E9<>"",(1/(0.5*SQRT(2*PI()))) * EXP(-((E9 - $D9)^2)/(2*0.5^2)),"") -> 0.10798193 | I9: =(1/(0.5*SQRT(2*PI()))) * EXP(-((F9 - $D9)^2)/(2*0.5^2)) -> 0.79788456 | J9: =IF(G9<>"",(1/(0.5*SQRT(2*PI()))) * EXP(-((G9 - $D9)^2)/(2*0.5^2)),"") -> 0.10798193 | K9: =IF(H9<>"",H9/(SUM(H9:J9)),"") -> 0.10650698 | L9: =I9/SUM(H9:J9) -> 0.78698604 | M9: =IF(J9<>"",J9/SUM(H9:J9),"") -> 0.10650698
A10: 1 | B10: 3 | C10: D | D10: 4 | E10: =IF(F10-1=0,"",F10-1) -> 3 | F10: =D10 -> 4 | G10: =IF(F10+1=11,"",F10+1) -> 5 | H10: =IF(E10<>"",(1/(0.5*SQRT(2*PI()))) * EXP(-((E10 - $D10)^2)/(2*0.5^2)),"") -> 0.10798193 | I10: =(1/(0.5*SQRT(2*PI()))) * EXP(-((F10 - $D10)^2)/(2*0.5^2)) -> 0.79788456 | J10: =IF(G10<>"",(1/(0.5*SQRT(2*PI()))) * EXP(-((G10 - $D10)^2)/(2*0.5^2)),"") -> 0.10798193 | K10: =IF(H10<>"",H10/(SUM(H10:J10)),"") -> 0.10650698 | L10: =I10/SUM(H10:J10) -> 0.78698604 | M10: =IF(J10<>"",J10/SUM(H10:J10),"") -> 0.10650698 | N10: SIM
A11: 1 | B11: 1 | C11: S | D11: 8 | E11: =IF(F11-1=0,"",F11-1) -> 7 | F11: =D11 -> 8 | G11: =IF(F11+1=11,"",F11+1) -> 9 | H11: =IF(E11<>"",(1/(0.5*SQRT(2*PI()))) * EXP(-((E11 - $D11)^2)/(2*0.5^2)),"") -> 0.10798193 | I11: =(1/(0.5*SQRT(2*PI()))) * EXP(-((F11 - $D11)^2)/(2*0.5^2)) -> 0.79788456 | J11: =IF(G11<>"",(1/(0.5*SQRT(2*PI()))) * EXP(-((G11 - $D11)^2)/(2*0.5^2)),"") -> 0.10798193 | K11: =IF(H11<>"",H11/(SUM(H11:J11)),"") -> 0.10650698 | L11: =I11/SUM(H11:J11) -> 0.78698604 | M11: =IF(J11<>"",J11/SUM(H11:J11),"") -> 0.10650698
A12: 1 | B12: 2 | C12: S | D12: 8 | E12: =IF(F12-1=0,"",F12-1) -> 7 | F12: =D12 -> 8 | G12: =IF(F12+1=11,"",F12+1) -> 9 | H12: =IF(E12<>"",(1/(0.5*SQRT(2*PI()))) * EXP(-((E12 - $D12)^2)/(2*0.5^2)),"") -> 0.10798193 | I12: =(1/(0.5*SQRT(2*PI()))) * EXP(-((F12 - $D12)^2)/(2*0.5^2)) -> 0.79788456 | J12: =IF(G12<>"",(1/(0.5*SQRT(2*PI()))) * EXP(-((G12 - $D12)^2)/(2*0.5^2)),"") -> 0.10798193 | K12: =IF(H12<>"",H12/(SUM(H12:J12)),"") -> 0.10650698 | L12: =I12/SUM(H12:J12) -> 0.78698604 | M12: =IF(J12<>"",J12/SUM(H12:J12),"") -> 0.10650698
A13: 1 | B13: 3 | C13: S | D13: 8 | E13: =IF(F13-1=0,"",F13-1) -> 7 | F13: =D13 -> 8 | G13: =IF(F13+1=11,"",F13+1) -> 9 | H13: =IF(E13<>"",(1/(0.5*SQRT(2*PI()))) * EXP(-((E13 - $D13)^2)/(2*0.5^2)),"") -> 0.10798193 | I13: =(1/(0.5*SQRT(2*PI()))) * EXP(-((F13 - $D13)^2)/(2*0.5^2)) -> 0.79788456 | J13: =IF(G13<>"",(1/(0.5*SQRT(2*PI()))) * EXP(-((G13 - $D13)^2)/(2*0.5^2)),"") -> 0.10798193 | K13: =IF(H13<>"",H13/(SUM(H13:J13)),"") -> 0.10650698 | L13: =I13/SUM(H13:J13) -> 0.78698604 | M13: =IF(J13<>"",J13/SUM(H13:J13),"") -> 0.10650698
A14: 2 | B14: 1 | C14: O | D14: 10 | E14: =IF(F14-1=0,"",F14-1) -> 9 | F14: =D14 -> 10 | G14: =IF(F14+1=11,"",F14+1) | H14: =IF(E14<>"",(1/(0.5*SQRT(2*PI()))) * EXP(-((E14 - $D14)^2)/(2*0.5^2)),"") -> 0.10798193 | I14: =(1/(0.5*SQRT(2*PI()))) * EXP(-((F14 - $D14)^2)/(2*0.5^2)) -> 0.79788456 | J14: =IF(G14<>"",(1/(0.5*SQRT(2*PI()))) * EXP(-((G14 - $D14)^2)/(2*0.5^2)),"") | K14: =IF(H14<>"",H14/(SUM(H14:J14)),"") -> 0.11920292 | L14: =I14/SUM(H14:J14) -> 0.88079708 | M14: =IF(J14<>"",J14/SUM(H14:J14),"")
A15: 2 | B15: 2 | C15: O | D15: 10 | E15: =IF(F15-1=0,"",F15-1) -> 9 | F15: =D15 -> 10 | G15: =IF(F15+1=11,"",F15+1) | H15: =IF(E15<>"",(1/(0.5*SQRT(2*PI()))) * EXP(-((E15 - $D15)^2)/(2*0.5^2)),"") -> 0.10798193 | I15: =(1/(0.5*SQRT(2*PI()))) * EXP(-((F15 - $D15)^2)/(2*0.5^2)) -> 0.79788456 | J15: =IF(G15<>"",(1/(0.5*SQRT(2*PI()))) * EXP(-((G15 - $D15)^2)/(2*0.5^2)),"") | K15: =IF(H15<>"",H15/(SUM(H15:J15)),"") -> 0.11920292 | L15: =I15/SUM(H15:J15) -> 0.88079708 | M15: =IF(J15<>"",J15/SUM(H15:J15),"")
A16: 2 | B16: 3 | C16: O | D16: 8 | E16: =IF(F16-1=0,"",F16-1) -> 7 | F16: =D16 -> 8 | G16: =IF(F16+1=11,"",F16+1) -> 9 | H16: =IF(E16<>"",(1/(0.5*SQRT(2*PI()))) * EXP(-((E16 - $D16)^2)/(2*0.5^2)),"") -> 0.10798193 | I16: =(1/(0.5*SQRT(2*PI()))) * EXP(-((F16 - $D16)^2)/(2*0.5^2)) -> 0.79788456 | J16: =IF(G16<>"",(1/(0.5*SQRT(2*PI()))) * EXP(-((G16 - $D16)^2)/(2*0.5^2)),"") -> 0.10798193 | K16: =IF(H16<>"",H16/(SUM(H16:J16)),"") -> 0.10650698 | L16: =I16/SUM(H16:J16) -> 0.78698604 | M16: =IF(J16<>"",J16/SUM(H16:J16),"") -> 0.10650698
A17: 2 | B17: 1 | C17: D | D17: 3 | E17: =IF(F17-1=0,"",F17-1) -> 2 | F17: =D17 -> 3 | G17: =IF(F17+1=11,"",F17+1) -> 4 | H17: =IF(E17<>"",(1/(0.5*SQRT(2*PI()))) * EXP(-((E17 - $D17)^2)/(2*0.5^2)),"") -> 0.10798193 | I17: =(1/(0.5*SQRT(2*PI()))) * EXP(-((F17 - $D17)^2)/(2*0.5^2)) -> 0.79788456 | J17: =IF(G17<>"",(1/(0.5*SQRT(2*PI()))) * EXP(-((G17 - $D17)^2)/(2*0.5^2)),"") -> 0.10798193 | K17: =IF(H17<>"",H17/(SUM(H17:J17)),"") -> 0.10650698 | L17: =I17/SUM(H17:J17) -> 0.78698604 | M17: =IF(J17<>"",J17/SUM(H17:J17),"") -> 0.10650698
A18: 2 | B18: 2 | C18: D | D18: 4 | E18: =IF(F18-1=0,"",F18-1) -> 3 | F18: =D18 -> 4 | G18: =IF(F18+1=11,"",F18+1) -> 5 | H18: =IF(E18<>"",(1/(0.5*SQRT(2*PI()))) * EXP(-((E18 - $D18)^2)/(2*0.5^2)),"") -> 0.10798193 | I18: =(1/(0.5*SQRT(2*PI()))) * EXP(-((F18 - $D18)^2)/(2*0.5^2)) -> 0.79788456 | J18: =IF(G18<>"",(1/(0.5*SQRT(2*PI()))) * EXP(-((G18 - $D18)^2)/(2*0.5^2)),"") -> 0.10798193 | K18: =IF(H18<>"",H18/(SUM(H18:J18)),"") -> 0.10650698 | L18: =I18/SUM(H18:J18) -> 0.78698604 | M18: =IF(J18<>"",J18/SUM(H18:J18),"") -> 0.10650698
A19: 2 | B19: 3 | C19: D | D19: 5 | E19: =IF(F19-1=0,"",F19-1) -> 4 | F19: =D19 -> 5 | G19: =IF(F19+1=11,"",F19+1) -> 6 | H19: =IF(E19<>"",(1/(0.5*SQRT(2*PI()))) * EXP(-((E19 - $D19)^2)/(2*0.5^2)),"") -> 0.10798193 | I19: =(1/(0.5*SQRT(2*PI()))) * EXP(-((F19 - $D19)^2)/(2*0.5^2)) -> 0.79788456 | J19: =IF(G19<>"",(1/(0.5*SQRT(2*PI()))) * EXP(-((G19 - $D19)^2)/(2*0.5^2)),"") -> 0.10798193 | K19: =IF(H19<>"",H19/(SUM(H19:J19)),"") -> 0.10650698 | L19: =I19/SUM(H19:J19) -> 0.78698604 | M19: =IF(J19<>"",J19/SUM(H19:J19),"") -> 0.10650698
A20: 2 | B20: 1 | C20: S | D20: 7 | E20: =IF(F20-1=0,"",F20-1) -> 6 | F20: =D20 -> 7 | G20: =IF(F20+1=11,"",F20+1) -> 8 | H20: =IF(E20<>"",(1/(0.5*SQRT(2*PI()))) * EXP(-((E20 - $D20)^2)/(2*0.5^2)),"") -> 0.10798193 | I20: =(1/(0.5*SQRT(2*PI()))) * EXP(-((F20 - $D20)^2)/(2*0.5^2)) -> 0.79788456 | J20: =IF(G20<>"",(1/(0.5*SQRT(2*PI()))) * EXP(-((G20 - $D20)^2)/(2*0.5^2)),"") -> 0.10798193 | K20: =IF(H20<>"",H20/(SUM(H20:J20)),"") -> 0.10650698 | L20: =I20/SUM(H20:J20) -> 0.78698604 | M20: =IF(J20<>"",J20/SUM(H20:J20),"") -> 0.10650698
A21: 2 | B21: 2 | C21: S | D21: 9 | E21: =IF(F21-1=0,"",F21-1) -> 8 | F21: =D21 -> 9 | G21: =IF(F21+1=11,"",F21+1) -> 10 | H21: =IF(E21<>"",(1/(0.5*SQRT(2*PI()))) * EXP(-((E21 - $D21)^2)/(2*0.5^2)),"") -> 0.10798193 | I21: =(1/(0.5*SQRT(2*PI()))) * EXP(-((F21 - $D21)^2)/(2*0.5^2)) -> 0.79788456 | J21: =IF(G21<>"",(1/(0.5*SQRT(2*PI()))) * EXP(-((G21 - $D21)^2)/(2*0.5^2)),"") -> 0.10798193 | K21: =IF(H21<>"",H21/(SUM(H21:J21)),"") -> 0.10650698 | L21: =I21/SUM(H21:J21) -> 0.78698604 | M21: =IF(J21<>"",J21/SUM(H21:J21),"") -> 0.10650698
A22: 2 | B22: 3 | C22: S | D22: 6 | E22: =IF(F22-1=0,"",F22-1) -> 5 | F22: =D22 -> 6 | G22: =IF(F22+1=11,"",F22+1) -> 7 | H22: =IF(E22<>"",(1/(0.5*SQRT(2*PI()))) * EXP(-((E22 - $D22)^2)/(2*0.5^2)),"") -> 0.10798193 | I22: =(1/(0.5*SQRT(2*PI()))) * EXP(-((F22 - $D22)^2)/(2*0.5^2)) -> 0.79788456 | J22: =IF(G22<>"",(1/(0.5*SQRT(2*PI()))) * EXP(-((G22 - $D22)^2)/(2*0.5^2)),"") -> 0.10798193 | K22: =IF(H22<>"",H22/(SUM(H22:J22)),"") -> 0.10650698 | L22: =I22/SUM(H22:J22) -> 0.78698604 | M22: =IF(J22<>"",J22/SUM(H22:J22),"") -> 0.10650698
... A28: 3 | B28: 3 | C28: D | D28: 6 | E28: =IF(F28-1=0,"",F28-1) -> 5 | F28: =D28 -> 6 | G28: =IF(F28+1=11,"",F28+1) -> 7 | H28: =IF(E28<>"",(1/(0.5*SQRT(2*PI()))) * EXP(-((E28 - $D28)^2)/(2*0.5^2)),"") -> 0.10798193 | I28: =(1/(0.5*SQRT(2*PI()))) * EXP(-((F28 - $D28)^2)/(2*0.5^2)) -> 0.79788456 | J28: =IF(G28<>"",(1/(0.5*SQRT(2*PI()))) * EXP(-((G28 - $D28)^2)/(2*0.5^2)),"") -> 0.10798193 | K28: =IF(H28<>"",H28/(SUM(H28:J28)),"") -> 0.10650698 | L28: =I28/SUM(H28:J28) -> 0.78698604 | M28: =IF(J28<>"",J28/SUM(H28:J28),"") -> 0.10650698
A29: 3 | B29: 1 | C29: S | D29: 8 | E29: =IF(F29-1=0,"",F29-1) -> 7 | F29: =D29 -> 8 | G29: =IF(F29+1=11,"",F29+1) -> 9 | H29: =IF(E29<>"",(1/(0.5*SQRT(2*PI()))) * EXP(-((E29 - $D29)^2)/(2*0.5^2)),"") -> 0.10798193 | I29: =(1/(0.5*SQRT(2*PI()))) * EXP(-((F29 - $D29)^2)/(2*0.5^2)) -> 0.79788456 | J29: =IF(G29<>"",(1/(0.5*SQRT(2*PI()))) * EXP(-((G29 - $D29)^2)/(2*0.5^2)),"") -> 0.10798193 | K29: =IF(H29<>"",H29/(SUM(H29:J29)),"") -> 0.10650698 | L29: =I29/SUM(H29:J29) -> 0.78698604 | M29: =IF(J29<>"",J29/SUM(H29:J29),"") -> 0.10650698 | N29: SIM
A30: 3 | B30: 2 | C30: S | D30: 5 | E30: =IF(F30-1=0,"",F30-1) -> 4 | F30: =D30 -> 5 | G30: =IF(F30+1=11,"",F30+1) -> 6 | H30: =IF(E30<>"",(1/(0.5*SQRT(2*PI()))) * EXP(-((E30 - $D30)^2)/(2*0.5^2)),"") -> 0.10798193 | I30: =(1/(0.5*SQRT(2*PI()))) * EXP(-((F30 - $D30)^2)/(2*0.5^2)) -> 0.79788456 | J30: =IF(G30<>"",(1/(0.5*SQRT(2*PI()))) * EXP(-((G30 - $D30)^2)/(2*0.5^2)),"") -> 0.10798193 | K30: =IF(H30<>"",H30/(SUM(H30:J30)),"") -> 0.10650698 | L30: =I30/SUM(H30:J30) -> 0.78698604 | M30: =IF(J30<>"",J30/SUM(H30:J30),"") -> 0.10650698
A31: 3 | B31: 3 | C31: S | D31: 4 | E31: =IF(F31-1=0,"",F31-1) -> 3 | F31: =D31 -> 4 | G31: =IF(F31+1=11,"",F31+1) -> 5 | H31: =IF(E31<>"",(1/(0.5*SQRT(2*PI()))) * EXP(-((E31 - $D31)^2)/(2*0.5^2)),"") -> 0.10798193 | I31: =(1/(0.5*SQRT(2*PI()))) * EXP(-((F31 - $D31)^2)/(2*0.5^2)) -> 0.79788456 | J31: =IF(G31<>"",(1/(0.5*SQRT(2*PI()))) * EXP(-((G31 - $D31)^2)/(2*0.5^2)),"") -> 0.10798193 | K31: =IF(H31<>"",H31/(SUM(H31:J31)),"") -> 0.10650698 | L31: =I31/SUM(H31:J31) -> 0.78698604 | M31: =IF(J31<>"",J31/SUM(H31:J31),"") -> 0.10650698
A32: 4 | B32: 1 | C32: O | D32: 10 | E32: =IF(F32-1=0,"",F32-1) -> 9 | F32: =D32 -> 10 | G32: =IF(F32+1=11,"",F32+1) | H32: =IF(E32<>"",(1/(0.5*SQRT(2*PI()))) * EXP(-((E32 - $D32)^2)/(2*0.5^2)),"") -> 0.10798193 | I32: =(1/(0.5*SQRT(2*PI()))) * EXP(-((F32 - $D32)^2)/(2*0.5^2)) -> 0.79788456 | J32: =IF(G32<>"",(1/(0.5*SQRT(2*PI()))) * EXP(-((G32 - $D32)^2)/(2*0.5^2)),"") | K32: =IF(H32<>"",H32/(SUM(H32:J32)),"") -> 0.11920292 | L32: =I32/SUM(H32:J32) -> 0.88079708 | M32: =IF(J32<>"",J32/SUM(H32:J32),"")
A33: 4 | B33: 2 | C33: O | D33: 8 | E33: =IF(F33-1=0,"",F33-1) -> 7 | F33: =D33 -> 8 | G33: =IF(F33+1=11,"",F33+1) -> 9 | H33: =IF(E33<>"",(1/(0.5*SQRT(2*PI()))) * EXP(-((E33 - $D33)^2)/(2*0.5^2)),"") -> 0.10798193 | I33: =(1/(0.5*SQRT(2*PI()))) * EXP(-((F33 - $D33)^2)/(2*0.5^2)) -> 0.79788456 | J33: =IF(G33<>"",(1/(0.5*SQRT(2*PI()))) * EXP(-((G33 - $D33)^2)/(2*0.5^2)),"") -> 0.10798193 | K33: =IF(H33<>"",H33/(SUM(H33:J33)),"") -> 0.10650698 | L33: =I33/SUM(H33:J33) -> 0.78698604 | M33: =IF(J33<>"",J33/SUM(H33:J33),"") -> 0.10650698
A34: 4 | B34: 3 | C34: O | D34: 7 | E34: =IF(F34-1=0,"",F34-1) -> 6 | F34: =D34 -> 7 | G34: =IF(F34+1=11,"",F34+1) -> 8 | H34: =IF(E34<>"",(1/(0.5*SQRT(2*PI()))) * EXP(-((E34 - $D34)^2)/(2*0.5^2)),"") -> 0.10798193 | I34: =(1/(0.5*SQRT(2*PI()))) * EXP(-((F34 - $D34)^2)/(2*0.5^2)) -> 0.79788456 | J34: =IF(G34<>"",(1/(0.5*SQRT(2*PI()))) * EXP(-((G34 - $D34)^2)/(2*0.5^2)),"") -> 0.10798193 | K34: =IF(H34<>"",H34/(SUM(H34:J34)),"") -> 0.10650698 | L34: =I34/SUM(H34:J34) -> 0.78698604 | M34: =IF(J34<>"",J34/SUM(H34:J34),"") -> 0.10650698
A35: 4 | B35: 1 | C35: D | D35: 8 | E35: =IF(F35-1=0,"",F35-1) -> 7 | F35: =D35 -> 8 | G35: =IF(F35+1=11,"",F35+1) -> 9 | H35: =IF(E35<>"",(1/(0.5*SQRT(2*PI()))) * EXP(-((E35 - $D35)^2)/(2*0.5^2)),"") -> 0.10798193 | I35: =(1/(0.5*SQRT(2*PI()))) * EXP(-((F35 - $D35)^2)/(2*0.5^2)) -> 0.79788456 | J35: =IF(G35<>"",(1/(0.5*SQRT(2*PI()))) * EXP(-((G35 - $D35)^2)/(2*0.5^2)),"") -> 0.10798193 | K35: =IF(H35<>"",H35/(SUM(H35:J35)),"") -> 0.10650698 | L35: =I35/SUM(H35:J35) -> 0.78698604 | M35: =IF(J35<>"",J35/SUM(H35:J35),"") -> 0.10650698 | N35: SIM
A36: 4 | B36: 2 | C36: D | D36: 5 | E36: =IF(F36-1=0,"",F36-1) -> 4 | F36: =D36 -> 5 | G36: =IF(F36+1=11,"",F36+1) -> 6 | H36: =IF(E36<>"",(1/(0.5*SQRT(2*PI()))) * EXP(-((E36 - $D36)^2)/(2*0.5^2)),"") -> 0.10798193 | I36: =(1/(0.5*SQRT(2*PI()))) * EXP(-((F36 - $D36)^2)/(2*0.5^2)) -> 0.79788456 | J36: =IF(G36<>"",(1/(0.5*SQRT(2*PI()))) * EXP(-((G36 - $D36)^2)/(2*0.5^2)),"") -> 0.10798193 | K36: =IF(H36<>"",H36/(SUM(H36:J36)),"") -> 0.10650698 | L36: =I36/SUM(H36:J36) -> 0.78698604 | M36: =IF(J36<>"",J36/SUM(H36:J36),"") -> 0.10650698
A37: 4 | B37: 3 | C37: D | D37: 5 | E37: =IF(F37-1=0,"",F37-1) -> 4 | F37: =D37 -> 5 | G37: =IF(F37+1=11,"",F37+1) -> 6 | H37: =IF(E37<>"",(1/(0.5*SQRT(2*PI()))) * EXP(-((E37 - $D37)^2)/(2*0.5^2)),"") -> 0.10798193 | I37: =(1/(0.5*SQRT(2*PI()))) * EXP(-((F37 - $D37)^2)/(2*0.5^2)) -> 0.79788456 | J37: =IF(G37<>"",(1/(0.5*SQRT(2*PI()))) * EXP(-((G37 - $D37)^2)/(2*0.5^2)),"") -> 0.10798193 | K37: =IF(H37<>"",H37/(SUM(H37:J37)),"") -> 0.10650698 | L37: =I37/SUM(H37:J37) -> 0.78698604 | M37: =IF(J37<>"",J37/SUM(H37:J37),"") -> 0.10650698
A38: 4 | B38: 1 | C38: S | D38: 10 | E38: =IF(F38-1=0,"",F38-1) -> 9 | F38: =D38 -> 10 | G38: =IF(F38+1=11,"",F38+1) | H38: =IF(E38<>"",(1/(0.5*SQRT(2*PI()))) * EXP(-((E38 - $D38)^2)/(2*0.5^2)),"") -> 0.10798193 | I38: =(1/(0.5*SQRT(2*PI()))) * EXP(-((F38 - $D38)^2)/(2*0.5^2)) -> 0.79788456 | J38: =IF(G38<>"",(1/(0.5*SQRT(2*PI()))) * EXP(-((G38 - $D38)^2)/(2*0.5^2)),"") | K38: =IF(H38<>"",H38/(SUM(H38:J38)),"") -> 0.11920292 | L38: =I38/SUM(H38:J38) -> 0.88079708 | M38: =IF(J38<>"",J38/SUM(H38:J38),"")
A39: 4 | B39: 2 | C39: S | D39: 8 | E39: =IF(F39-1=0,"",F39-1) -> 7 | F39: =D39 -> 8 | G39: =IF(F39+1=11,"",F39+1) -> 9 | H39: =IF(E39<>"",(1/(0.5*SQRT(2*PI()))) * EXP(-((E39 - $D39)^2)/(2*0.5^2)),"") -> 0.10798193 | I39: =(1/(0.5*SQRT(2*PI()))) * EXP(-((F39 - $D39)^2)/(2*0.5^2)) -> 0.79788456 | J39: =IF(G39<>"",(1/(0.5*SQRT(2*PI()))) * EXP(-((G39 - $D39)^2)/(2*0.5^2)),"") -> 0.10798193 | K39: =IF(H39<>"",H39/(SUM(H39:J39)),"") -> 0.10650698 | L39: =I39/SUM(H39:J39) -> 0.78698604 | M39: =IF(J39<>"",J39/SUM(H39:J39),"") -> 0.10650698
A40: 4 | B40: 3 | C40: S | D40: 9 | E40: =IF(F40-1=0,"",F40-1) -> 8 | F40: =D40 -> 9 | G40: =IF(F40+1=11,"",F40+1) -> 10 | H40: =IF(E40<>"",(1/(0.5*SQRT(2*PI()))) * EXP(-((E40 - $D40)^2)/(2*0.5^2)),"") -> 0.10798193 | I40: =(1/(0.5*SQRT(2*PI()))) * EXP(-((F40 - $D40)^2)/(2*0.5^2)) -> 0.79788456 | J40: =IF(G40<>"",(1/(0.5*SQRT(2*PI()))) * EXP(-((G40 - $D40)^2)/(2*0.5^2)),"") -> 0.10798193 | K40: =IF(H40<>"",H40/(SUM(H40:J40)),"") -> 0.10650698 | L40: =I40/SUM(H40:J40) -> 0.78698604 | M40: =IF(J40<>"",J40/SUM(H40:J40),"") -> 0.10650698
A41: 5 | B41: 1 | C41: O | D41: 10 | E41: =IF(F41-1=0,"",F41-1) -> 9 | F41: =D41 -> 10 | G41: =IF(F41+1=11,"",F41+1) | H41: =IF(E41<>"",(1/(0.5*SQRT(2*PI()))) * EXP(-((E41 - $D41)^2)/(2*0.5^2)),"") -> 0.10798193 | I41: =(1/(0.5*SQRT(2*PI()))) * EXP(-((F41 - $D41)^2)/(2*0.5^2)) -> 0.79788456 | J41: =IF(G41<>"",(1/(0.5*SQRT(2*PI()))) * EXP(-((G41 - $D41)^2)/(2*0.5^2)),"") | K41: =IF(H41<>"",H41/(SUM(H41:J41)),"") -> 0.11920292 | L41: =I41/SUM(H41:J41) -> 0.88079708 | M41: =IF(J41<>"",J41/SUM(H41:J41),"")
A42: 5 | B42: 2 | C42: O | D42: 3 | E42: =IF(F42-1=0,"",F42-1) -> 2 | F42: =D42 -> 3 | G42: =IF(F42+1=11,"",F42+1) -> 4 | H42: =IF(E42<>"",(1/(0.5*SQRT(2*PI()))) * EXP(-((E42 - $D42)^2)/(2*0.5^2)),"") -> 0.10798193 | I42: =(1/(0.5*SQRT(2*PI()))) * EXP(-((F42 - $D42)^2)/(2*0.5^2)) -> 0.79788456 | J42: =IF(G42<>"",(1/(0.5*SQRT(2*PI()))) * EXP(-((G42 - $D42)^2)/(2*0.5^2)),"") -> 0.10798193 | K42: =IF(H42<>"",H42/(SUM(H42:J42)),"") -> 0.10650698 | L42: =I42/SUM(H42:J42) -> 0.78698604 | M42: =IF(J42<>"",J42/SUM(H42:J42),"") -> 0.10650698 | N42: SIM
A43: 5 | B43: 3 | C43: O | D43: 9 | E43: =IF(F43-1=0,"",F43-1) -> 8 | F43: =D43 -> 9 | G43: =IF(F43+1=11,"",F43+1) -> 10 | H43: =IF(E43<>"",(1/(0.5*SQRT(2*PI()))) * EXP(-((E43 - $D43)^2)/(2*0.5^2)),"") -> 0.10798193 | I43: =(1/(0.5*SQRT(2*PI()))) * EXP(-((F43 - $D43)^2)/(2*0.5^2)) -> 0.79788456 | J43: =IF(G43<>"",(1/(0.5*SQRT(2*PI()))) * EXP(-((G43 - $D43)^2)/(2*0.5^2)),"") -> 0.10798193 | K43: =IF(H43<>"",H43/(SUM(H43:J43)),"") -> 0.10650698 | L43: =I43/SUM(H43:J43) -> 0.78698604 | M43: =IF(J43<>"",J43/SUM(H43:J43),"") -> 0.10650698
A44: 5 | B44: 1 | C44: D | D44: 10 | E44: =IF(F44-1=0,"",F44-1) -> 9 | F44: =D44 -> 10 | G44: =IF(F44+1=11,"",F44+1) | H44: =IF(E44<>"",(1/(0.5*SQRT(2*PI()))) * EXP(-((E44 - $D44)^2)/(2*0.5^2)),"") -> 0.10798193 | I44: =(1/(0.5*SQRT(2*PI()))) * EXP(-((F44 - $D44)^2)/(2*0.5^2)) -> 0.79788456 | J44: =IF(G44<>"",(1/(0.5*SQRT(2*PI()))) * EXP(-((G44 - $D44)^2)/(2*0.5^2)),"") | K44: =IF(H44<>"",H44/(SUM(H44:J44)),"") -> 0.11920292 | L44: =I44/SUM(H44:J44) -> 0.88079708 | M44: =IF(J44<>"",J44/SUM(H44:J44),"") | N44: SIM
A45: 5 | B45: 2 | C45: D | D45: 5 | E45: =IF(F45-1=0,"",F45-1) -> 4 | F45: =D45 -> 5 | G45: =IF(F45+1=11,"",F45+1) -> 6 | H45: =IF(E45<>"",(1/(0.5*SQRT(2*PI()))) * EXP(-((E45 - $D45)^2)/(2*0.5^2)),"") -> 0.10798193 | I45: =(1/(0.5*SQRT(2*PI()))) * EXP(-((F45 - $D45)^2)/(2*0.5^2)) -> 0.79788456 | J45: =IF(G45<>"",(1/(0.5*SQRT(2*PI()))) * EXP(-((G45 - $D45)^2)/(2*0.5^2)),"") -> 0.10798193 | K45: =IF(H45<>"",H45/(SUM(H45:J45)),"") -> 0.10650698 | L45: =I45/SUM(H45:J45) -> 0.78698604 | M45: =IF(J45<>"",J45/SUM(H45:J45),"") -> 0.10650698
A46: 5 | B46: 3 | C46: D | D46: 3 | E46: =IF(F46-1=0,"",F46-1) -> 2 | F46: =D46 -> 3 | G46: =IF(F46+1=11,"",F46+1) -> 4 | H46: =IF(E46<>"",(1/(0.5*SQRT(2*PI()))) * EXP(-((E46 - $D46)^2)/(2*0.5^2)),"") -> 0.10798193 | I46: =(1/(0.5*SQRT(2*PI()))) * EXP(-((F46 - $D46)^2)/(2*0.5^2)) -> 0.79788456 | J46: =IF(G46<>"",(1/(0.5*SQRT(2*PI()))) * EXP(-((G46 - $D46)^2)/(2*0.5^2)),"") -> 0.10798193 | K46: =IF(H46<>"",H46/(SUM(H46:J46)),"") -> 0.10650698 | L46: =I46/SUM(H46:J46) -> 0.78698604 | M46: =IF(J46<>"",J46/SUM(H46:J46),"") -> 0.10650698
A47: 5 | B47: 1 | C47: S | D47: 10 | E47: =IF(F47-1=0,"",F47-1) -> 9 | F47: =D47 -> 10 | G47: =IF(F47+1=11,"",F47+1) | H47: =IF(E47<>"",(1/(0.5*SQRT(2*PI()))) * EXP(-((E47 - $D47)^2)/(2*0.5^2)),"") -> 0.10798193 | I47: =(1/(0.5*SQRT(2*PI()))) * EXP(-((F47 - $D47)^2)/(2*0.5^2)) -> 0.79788456 | J47: =IF(G47<>"",(1/(0.5*SQRT(2*PI()))) * EXP(-((G47 - $D47)^2)/(2*0.5^2)),"") | K47: =IF(H47<>"",H47/(SUM(H47:J47)),"") -> 0.11920292 | L47: =I47/SUM(H47:J47) -> 0.88079708 | M47: =IF(J47<>"",J47/SUM(H47:J47),"")
A48: 5 | B48: 2 | C48: S | D48: 5 | E48: =IF(F48-1=0,"",F48-1) -> 4 | F48: =D48 -> 5 | G48: =IF(F48+1=11,"",F48+1) -> 6 | H48: =IF(E48<>"",(1/(0.5*SQRT(2*PI()))) * EXP(-((E48 - $D48)^2)/(2*0.5^2)),"") -> 0.10798193 | I48: =(1/(0.5*SQRT(2*PI()))) * EXP(-((F48 - $D48)^2)/(2*0.5^2)) -> 0.79788456 | J48: =IF(G48<>"",(1/(0.5*SQRT(2*PI()))) * EXP(-((G48 - $D48)^2)/(2*0.5^2)),"") -> 0.10798193 | K48: =IF(H48<>"",H48/(SUM(H48:J48)),"") -> 0.10650698 | L48: =I48/SUM(H48:J48) -> 0.78698604 | M48: =IF(J48<>"",J48/SUM(H48:J48),"") -> 0.10650698 | N48: SIM
A49: 5 | B49: 3 | C49: S | D49: 8 | E49: =IF(F49-1=0,"",F49-1) -> 7 | F49: =D49 -> 8 | G49: =IF(F49+1=11,"",F49+1) -> 9 | H49: =IF(E49<>"",(1/(0.5*SQRT(2*PI()))) * EXP(-((E49 - $D49)^2)/(2*0.5^2)),"") -> 0.10798193 | I49: =(1/(0.5*SQRT(2*PI()))) * EXP(-((F49 - $D49)^2)/(2*0.5^2)) -> 0.79788456 | J49: =IF(G49<>"",(1/(0.5*SQRT(2*PI()))) * EXP(-((G49 - $D49)^2)/(2*0.5^2)),"") -> 0.10798193 | K49: =IF(H49<>"",H49/(SUM(H49:J49)),"") -> 0.10650698 | L49: =I49/SUM(H49:J49) -> 0.78698604 | M49: =IF(J49<>"",J49/SUM(H49:J49),"") -> 0.10650698
A50: 6 | B50: 1 | C50: O | D50: 10 | E50: =IF(F50-1=0,"",F50-1) -> 9 | F50: =D50 -> 10 | G50: =IF(F50+1=11,"",F50+1) | H50: =IF(E50<>"",(1/(0.5*SQRT(2*PI()))) * EXP(-((E50 - $D50)^2)/(2*0.5^2)),"") -> 0.10798193 | I50: =(1/(0.5*SQRT(2*PI()))) * EXP(-((F50 - $D50)^2)/(2*0.5^2)) -> 0.79788456 | J50: =IF(G50<>"",(1/(0.5*SQRT(2*PI()))) * EXP(-((G50 - $D50)^2)/(2*0.5^2)),"") | K50: =IF(H50<>"",H50/(SUM(H50:J50)),"") -> 0.11920292 | L50: =I50/SUM(H50:J50) -> 0.88079708 | M50: =IF(J50<>"",J50/SUM(H50:J50),"")
A51: 6 | B51: 2 | C51: O | D51: 8 | E51: =IF(F51-1=0,"",F51-1) -> 7 | F51: =D51 -> 8 | G51: =IF(F51+1=11,"",F51+1) -> 9 | H51: =IF(E51<>"",(1/(0.5*SQRT(2*PI()))) * EXP(-((E51 - $D51)^2)/(2*0.5^2)),"") -> 0.10798193 | I51: =(1/(0.5*SQRT(2*PI()))) * EXP(-((F51 - $D51)^2)/(2*0.5^2)) -> 0.79788456 | J51: =IF(G51<>"",(1/(0.5*SQRT(2*PI()))) * EXP(-((G51 - $D51)^2)/(2*0.5^2)),"") -> 0.10798193 | K51: =IF(H51<>"",H51/(SUM(H51:J51)),"") -> 0.10650698 | L51: =I51/SUM(H51:J51) -> 0.78698604 | M51: =IF(J51<>"",J51/SUM(H51:J51),"") -> 0.10650698
A52: 6 | B52: 3 | C52: O | D52: 7 | E52: =IF(F52-1=0,"",F52-1) -> 6 | F52: =D52 -> 7 | G52: =IF(F52+1=11,"",F52+1) -> 8 | H52: =IF(E52<>"",(1/(0.5*SQRT(2*PI()))) * EXP(-((E52 - $D52)^2)/(2*0.5^2)),"") -> 0.10798193 | I52: =(1/(0.5*SQRT(2*PI()))) * EXP(-((F52 - $D52)^2)/(2*0.5^2)) -> 0.79788456 | J52: =IF(G52<>"",(1/(0.5*SQRT(2*PI()))) * EXP(-((G52 - $D52)^2)/(2*0.5^2)),"") -> 0.10798193 | K52: =IF(H52<>"",H52/(SUM(H52:J52)),"") -> 0.10650698 | L52: =I52/SUM(H52:J52) -> 0.78698604 | M52: =IF(J52<>"",J52/SUM(H52:J52),"") -> 0.10650698
A53: 6 | B53: 1 | C53: D | D53: 5 | E53: =IF(F53-1=0,"",F53-1) -> 4 | F53: =D53 -> 5 | G53: =IF(F53+1=11,"",F53+1) -> 6 | H53: =IF(E53<>"",(1/(0.5*SQRT(2*PI()))) * EXP(-((E53 - $D53)^2)/(2*0.5^2)),"") -> 0.10798193 | I53: =(1/(0.5*SQRT(2*PI()))) * EXP(-((F53 - $D53)^2)/(2*0.5^2)) -> 0.79788456 | J53: =IF(G53<>"",(1/(0.5*SQRT(2*PI()))) * EXP(-((G53 - $D53)^2)/(2*0.5^2)),"") -> 0.10798193 | K53: =IF(H53<>"",H53/(SUM(H53:J53)),"") -> 0.10650698 | L53: =I53/SUM(H53:J53) -> 0.78698604 | M53: =IF(J53<>"",J53/SUM(H53:J53),"") -> 0.10650698
A54: 6 | B54: 2 | C54: D | D54: 4 | E54: =IF(F54-1=0,"",F54-1) -> 3 | F54: =D54 -> 4 | G54: =IF(F54+1=11,"",F54+1) -> 5 | H54: =IF(E54<>"",(1/(0.5*SQRT(2*PI()))) * EXP(-((E54 - $D54)^2)/(2*0.5^2)),"") -> 0.10798193 | I54: =(1/(0.5*SQRT(2*PI()))) * EXP(-((F54 - $D54)^2)/(2*0.5^2)) -> 0.79788456 | J54: =IF(G54<>"",(1/(0.5*SQRT(2*PI()))) * EXP(-((G54 - $D54)^2)/(2*0.5^2)),"") -> 0.10798193 | K54: =IF(H54<>"",H54/(SUM(H54:J54)),"") -> 0.10650698 | L54: =I54/SUM(H54:J54) -> 0.78698604 | M54: =IF(J54<>"",J54/SUM(H54:J54),"") -> 0.10650698
A55: 6 | B55: 3 | C55: D | D55: 5 | E55: =IF(F55-1=0,"",F55-1) -> 4 | F55: =D55 -> 5 | G55: =IF(F55+1=11,"",F55+1) -> 6 | H55: =IF(E55<>"",(1/(0.5*SQRT(2*PI()))) * EXP(-((E55 - $D55)^2)/(2*0.5^2)),"") -> 0.10798193 | I55: =(1/(0.5*SQRT(2*PI()))) * EXP(-((F55 - $D55)^2)/(2*0.5^2)) -> 0.79788456 | J55: =IF(G55<>"",(1/(0.5*SQRT(2*PI()))) * EXP(-((G55 - $D55)^2)/(2*0.5^2)),"") -> 0.10798193 | K55: =IF(H55<>"",H55/(SUM(H55:J55)),"") -> 0.10650698 | L55: =I55/SUM(H55:J55) -> 0.78698604 | M55: =IF(J55<>"",J55/SUM(H55:J55),"") -> 0.10650698
A56: 6 | B56: 1 | C56: S | D56: 10 | E56: =IF(F56-1=0,"",F56-1) -> 9 | F56: =D56 -> 10 | G56: =IF(F56+1=11,"",F56+1) | H56: =IF(E56<>"",(1/(0.5*SQRT(2*PI()))) * EXP(-((E56 - $D56)^2)/(2*0.5^2)),"") -> 0.10798193 | I56: =(1/(0.5*SQRT(2*PI()))) * EXP(-((F56 - $D56)^2)/(2*0.5^2)) -> 0.79788456 | J56: =IF(G56<>"",(1/(0.5*SQRT(2*PI()))) * EXP(-((G56 - $D56)^2)/(2*0.5^2)),"") | K56: =IF(H56<>"",H56/(SUM(H56:J56)),"") -> 0.11920292 | L56: =I56/SUM(H56:J56) -> 0.88079708 | M56: =IF(J56<>"",J56/SUM(H56:J56),"")
A57: 6 | B57: 2 | C57: S | D57: 8 | E57: =IF(F57-1=0,"",F57-1) -> 7 | F57: =D57 -> 8 | G57: =IF(F57+1=11,"",F57+1) -> 9 | H57: =IF(E57<>"",(1/(0.5*SQRT(2*PI()))) * EXP(-((E57 - $D57)^2)/(2*0.5^2)),"") -> 0.10798193 | I57: =(1/(0.5*SQRT(2*PI()))) * EXP(-((F57 - $D57)^2)/(2*0.5^2)) -> 0.79788456 | J57: =IF(G57<>"",(1/(0.5*SQRT(2*PI()))) * EXP(-((G57 - $D57)^2)/(2*0.5^2)),"") -> 0.10798193 | K57: =IF(H57<>"",H57/(SUM(H57:J57)),"") -> 0.10650698 | L57: =I57/SUM(H57:J57) -> 0.78698604 | M57: =IF(J57<>"",J57/SUM(H57:J57),"") -> 0.10650698
A58: 6 | B58: 3 | C58: S | D58: 6 | E58: =IF(F58-1=0,"",F58-1) -> 5 | F58: =D58 -> 6 | G58: =IF(F58+1=11,"",F58+1) -> 7 | H58: =IF(E58<>"",(1/(0.5*SQRT(2*PI()))) * EXP(-((E58 - $D58)^2)/(2*0.5^2)),"") -> 0.10798193 | I58: =(1/(0.5*SQRT(2*PI()))) * EXP(-((F58 - $D58)^2)/(2*0.5^2)) -> 0.79788456 | J58: =IF(G58<>"",(1/(0.5*SQRT(2*PI()))) * EXP(-((G58 - $D58)^2)/(2*0.5^2)),"") -> 0.10798193 | K58: =IF(H58<>"",H58/(SUM(H58:J58)),"") -> 0.10650698 | L58: =I58/SUM(H58:J58) -> 0.78698604 | M58: =IF(J58<>"",J58/SUM(H58:J58),"") -> 0.10650698
A59: 7 | B59: 1 | C59: O | D59: 10 | E59: =IF(F59-1=0,"",F59-1) -> 9 | F59: =D59 -> 10 | G59: =IF(F59+1=11,"",F59+1) | H59: =IF(E59<>"",(1/(0.5*SQRT(2*PI()))) * EXP(-((E59 - $D59)^2)/(2*0.5^2)),"") -> 0.10798193 | I59: =(1/(0.5*SQRT(2*PI()))) * EXP(-((F59 - $D59)^2)/(2*0.5^2)) -> 0.79788456 | J59: =IF(G59<>"",(1/(0.5*SQRT(2*PI()))) * EXP(-((G59 - $D59)^2)/(2*0.5^2)),"") | K59: =IF(H59<>"",H59/(SUM(H59:J59)),"") -> 0.11920292 | L59: =I59/SUM(H59:J59) -> 0.88079708 | M59: =IF(J59<>"",J59/SUM(H59:J59),"")
A60: 7 | B60: 2 | C60: O | D60: 9 | E60: =IF(F60-1=0,"",F60-1) -> 8 | F60: =D60 -> 9 | G60: =IF(F60+1=11,"",F60+1) -> 10 | H60: =IF(E60<>"",(1/(0.5*SQRT(2*PI()))) * EXP(-((E60 - $D60)^2)/(2*0.5^2)),"") -> 0.10798193 | I60: =(1/(0.5*SQRT(2*PI()))) * EXP(-((F60 - $D60)^2)/(2*0.5^2)) -> 0.79788456 | J60: =IF(G60<>"",(1/(0.5*SQRT(2*PI()))) * EXP(-((G60 - $D60)^2)/(2*0.5^2)),"") -> 0.10798193 | K60: =IF(H60<>"",H60/(SUM(H60:J60)),"") -> 0.10650698 | L60: =I60/SUM(H60:J60) -> 0.78698604 | M60: =IF(J60<>"",J60/SUM(H60:J60),"") -> 0.10650698
A61: 7 | B61: 3 | C61: O | D61: 4 | E61: =IF(F61-1=0,"",F61-1) -> 3 | F61: =D61 -> 4 | G61: =IF(F61+1=11,"",F61+1) -> 5 | H61: =IF(E61<>"",(1/(0.5*SQRT(2*PI()))) * EXP(-((E61 - $D61)^2)/(2*0.5^2)),"") -> 0.10798193 | I61: =(1/(0.5*SQRT(2*PI()))) * EXP(-((F61 - $D61)^2)/(2*0.5^2)) -> 0.79788456 | J61: =IF(G61<>"",(1/(0.5*SQRT(2*PI()))) * EXP(-((G61 - $D61)^2)/(2*0.5^2)),"") -> 0.10798193 | K61: =IF(H61<>"",H61/(SUM(H61:J61)),"") -> 0.10650698 | L61: =I61/SUM(H61:J61) -> 0.78698604 | M61: =IF(J61<>"",J61/SUM(H61:J61),"") -> 0.10650698 | N61: SIM
A62: 7 | B62: 1 | C62: D | D62: 5 | E62: =IF(F62-1=0,"",F62-1) -> 4 | F62: =D62 -> 5 | G62: =IF(F62+1=11,"",F62+1) -> 6 | H62: =IF(E62<>"",(1/(0.5*SQRT(2*PI()))) * EXP(-((E62 - $D62)^2)/(2*0.5^2)),"") -> 0.10798193 | I62: =(1/(0.5*SQRT(2*PI()))) * EXP(-((F62 - $D62)^2)/(2*0.5^2)) -> 0.79788456 | J62: =IF(G62<>"",(1/(0.5*SQRT(2*PI()))) * EXP(-((G62 - $D62)^2)/(2*0.5^2)),"") -> 0.10798193 | K62: =IF(H62<>"",H62/(SUM(H62:J62)),"") -> 0.10650698 | L62: =I62/SUM(H62:J62) -> 0.78698604 | M62: =IF(J62<>"",J62/SUM(H62:J62),"") -> 0.10650698
A63: 7 | B63: 2 | C63: D | D63: 4 | E63: =IF(F63-1=0,"",F63-1) -> 3 | F63: =D63 -> 4 | G63: =IF(F63+1=11,"",F63+1) -> 5 | H63: =IF(E63<>"",(1/(0.5*SQRT(2*PI()))) * EXP(-((E63 - $D63)^2)/(2*0.5^2)),"") -> 0.10798193 | I63: =(1/(0.5*SQRT(2*PI()))) * EXP(-((F63 - $D63)^2)/(2*0.5^2)) -> 0.79788456 | J63: =IF(G63<>"",(1/(0.5*SQRT(2*PI()))) * EXP(-((G63 - $D63)^2)/(2*0.5^2)),"") -> 0.10798193 | K63: =IF(H63<>"",H63/(SUM(H63:J63)),"") -> 0.10650698 | L63: =I63/SUM(H63:J63) -> 0.78698604 | M63: =IF(J63<>"",J63/SUM(H63:J63),"") -> 0.10650698
A64: 7 | B64: 3 | C64: D | D64: 6 | E64: =IF(F64-1=0,"",F64-1) -> 5 | F64: =D64 -> 6 | G64: =IF(F64+1=11,"",F64+1) -> 7 | H64: =IF(E64<>"",(1/(0.5*SQRT(2*PI()))) * EXP(-((E64 - $D64)^2)/(2*0.5^2)),"") -> 0.10798193 | I64: =(1/(0.5*SQRT(2*PI()))) * EXP(-((F64 - $D64)^2)/(2*0.5^2)) -> 0.79788456 | J64: =IF(G64<>"",(1/(0.5*SQRT(2*PI()))) * EXP(-((G64 - $D64)^2)/(2*0.5^2)),"") -> 0.10798193 | K64: =IF(H64<>"",H64/(SUM(H64:J64)),"") -> 0.10650698 | L64: =I64/SUM(H64:J64) -> 0.78698604 | M64: =IF(J64<>"",J64/SUM(H64:J64),"") -> 0.10650698
A65: 7 | B65: 1 | C65: S | D65: 7 | E65: =IF(F65-1=0,"",F65-1) -> 6 | F65: =D65 -> 7 | G65: =IF(F65+1=11,"",F65+1) -> 8 | H65: =IF(E65<>"",(1/(0.5*SQRT(2*PI()))) * EXP(-((E65 - $D65)^2)/(2*0.5^2)),"") -> 0.10798193 | I65: =(1/(0.5*SQRT(2*PI()))) * EXP(-((F65 - $D65)^2)/(2*0.5^2)) -> 0.79788456 | J65: =IF(G65<>"",(1/(0.5*SQRT(2*PI()))) * EXP(-((G65 - $D65)^2)/(2*0.5^2)),"") -> 0.10798193 | K65: =IF(H65<>"",H65/(SUM(H65:J65)),"") -> 0.10650698 | L65: =I65/SUM(H65:J65) -> 0.78698604 | M65: =IF(J65<>"",J65/SUM(H65:J65),"") -> 0.10650698
A66: 7 | B66: 2 | C66: S | D66: 8 | E66: =IF(F66-1=0,"",F66-1) -> 7 | F66: =D66 -> 8 | G66: =IF(F66+1=11,"",F66+1) -> 9 | H66: =IF(E66<>"",(1/(0.5*SQRT(2*PI()))) * EXP(-((E66 - $D66)^2)/(2*0.5^2)),"") -> 0.10798193 | I66: =(1/(0.5*SQRT(2*PI()))) * EXP(-((F66 - $D66)^2)/(2*0.5^2)) -> 0.79788456 | J66: =IF(G66<>"",(1/(0.5*SQRT(2*PI()))) * EXP(-((G66 - $D66)^2)/(2*0.5^2)),"") -> 0.10798193 | K66: =IF(H66<>"",H66/(SUM(H66:J66)),"") -> 0.10650698 | L66: =I66/SUM(H66:J66) -> 0.78698604 | M66: =IF(J66<>"",J66/SUM(H66:J66),"") -> 0.10650698
A67: 7 | B67: 3 | C67: S | D67: 2 | E67: =IF(F67-1=0,"",F67-1) -> 1 | F67: =D67 -> 2 | G67: =IF(F67+1=11,"",F67+1) -> 3 | H67: =IF(E67<>"",(1/(0.5*SQRT(2*PI()))) * EXP(-((E67 - $D67)^2)/(2*0.5^2)),"") -> 0.10798193 | I67: =(1/(0.5*SQRT(2*PI()))) * EXP(-((F67 - $D67)^2)/(2*0.5^2)) -> 0.79788456 | J67: =IF(G67<>"",(1/(0.5*SQRT(2*PI()))) * EXP(-((G67 - $D67)^2)/(2*0.5^2)),"") -> 0.10798193 | K67: =IF(H67<>"",H67/(SUM(H67:J67)),"") -> 0.10650698 | L67: =I67/SUM(H67:J67) -> 0.78698604 | M67: =IF(J67<>"",J67/SUM(H67:J67),"") -> 0.10650698 | N67: SIM
A68: 8 | B68: 1 | C68: O | D68: 7 | E68: =IF(F68-1=0,"",F68-1) -> 6 | F68: =D68 -> 7 | G68: =IF(F68+1=11,"",F68+1) -> 8 | H68: =IF(E68<>"",(1/(0.5*SQRT(2*PI()))) * EXP(-((E68 - $D68)^2)/(2*0.5^2)),"") -> 0.10798193 | I68: =(1/(0.5*SQRT(2*PI()))) * EXP(-((F68 - $D68)^2)/(2*0.5^2)) -> 0.79788456 | J68: =IF(G68<>"",(1/(0.5*SQRT(2*PI()))) * EXP(-((G68 - $D68)^2)/(2*0.5^2)),"") -> 0.10798193 | K68: =IF(H68<>"",H68/(SUM(H68:J68)),"") -> 0.10650698 | L68: =I68/SUM(H68:J68) -> 0.78698604 | M68: =IF(J68<>"",J68/SUM(H68:J68),"") -> 0.10650698
A69: 8 | B69: 2 | C69: O | D69: 5 | E69: =IF(F69-1=0,"",F69-1) -> 4 | F69: =D69 -> 5 | G69: =IF(F69+1=11,"",F69+1) -> 6 | H69: =IF(E69<>"",(1/(0.5*SQRT(2*PI()))) * EXP(-((E69 - $D69)^2)/(2*0.5^2)),"") -> 0.10798193 | I69: =(1/(0.5*SQRT(2*PI()))) * EXP(-((F69 - $D69)^2)/(2*0.5^2)) -> 0.79788456 | J69: =IF(G69<>"",(1/(0.5*SQRT(2*PI()))) * EXP(-((G69 - $D69)^2)/(2*0.5^2)),"") -> 0.10798193 | K69: =IF(H69<>"",H69/(SUM(H69:J69)),"") -> 0.10650698 | L69: =I69/SUM(H69:J69) -> 0.78698604 | M69: =IF(J69<>"",J69/SUM(H69:J69),"") -> 0.10650698
A70: 8 | B70: 3 | C70: O | D70: 8 | E70: =IF(F70-1=0,"",F70-1) -> 7 | F70: =D70 -> 8 | G70: =IF(F70+1=11,"",F70+1) -> 9 | H70: =IF(E70<>"",(1/(0.5*SQRT(2*PI()))) * EXP(-((E70 - $D70)^2)/(2*0.5^2)),"") -> 0.10798193 | I70: =(1/(0.5*SQRT(2*PI()))) * EXP(-((F70 - $D70)^2)/(2*0.5^2)) -> 0.79788456 | J70: =IF(G70<>"",(1/(0.5*SQRT(2*PI()))) * EXP(-((G70 - $D70)^2)/(2*0.5^2)),"") -> 0.10798193 | K70: =IF(H70<>"",H70/(SUM(H70:J70)),"") -> 0.10650698 | L70: =I70/SUM(H70:J70) -> 0.78698604 | M70: =IF(J70<>"",J70/SUM(H70:J70),"") -> 0.10650698
A71: 8 | B71: 1 | C71: D | D71: 8 | E71: =IF(F71-1=0,"",F71-1) -> 7 | F71: =D71 -> 8 | G71: =IF(F71+1=11,"",F71+1) -> 9 | H71: =IF(E71<>"",(1/(0.5*SQRT(2*PI()))) * EXP(-((E71 - $D71)^2)/(2*0.5^2)),"") -> 0.10798193 | I71: =(1/(0.5*SQRT(2*PI()))) * EXP(-((F71 - $D71)^2)/(2*0.5^2)) -> 0.79788456 | J71: =IF(G71<>"",(1/(0.5*SQRT(2*PI()))) * EXP(-((G71 - $D71)^2)/(2*0.5^2)),"") -> 0.10798193 | K71: =IF(H71<>"",H71/(SUM(H71:J71)),"") -> 0.10650698 | L71: =I71/SUM(H71:J71) -> 0.78698604 | M71: =IF(J71<>"",J71/SUM(H71:J71),"") -> 0.10650698 | N71: SIM
A72: 8 | B72: 2 | C72: D | D72: 3 | E72: =IF(F72-1=0,"",F72-1) -> 2 | F72: =D72 -> 3 | G72: =IF(F72+1=11,"",F72+1) -> 4 | H72: =IF(E72<>"",(1/(0.5*SQRT(2*PI()))) * EXP(-((E72 - $D72)^2)/(2*0.5^2)),"") -> 0.10798193 | I72: =(1/(0.5*SQRT(2*PI()))) * EXP(-((F72 - $D72)^2)/(2*0.5^2)) -> 0.79788456 | J72: =IF(G72<>"",(1/(0.5*SQRT(2*PI()))) * EXP(-((G72 - $D72)^2)/(2*0.5^2)),"") -> 0.10798193 | K72: =IF(H72<>"",H72/(SUM(H72:J72)),"") -> 0.10650698 | L72: =I72/SUM(H72:J72) -> 0.78698604 | M72: =IF(J72<>"",J72/SUM(H72:J72),"") -> 0.10650698
A73: 8 | B73: 3 | C73: D | D73: 4 | E73: =IF(F73-1=0,"",F73-1) -> 3 | F73: =D73 -> 4 | G73: =IF(F73+1=11,"",F73+1) -> 5 | H73: =IF(E73<>"",(1/(0.5*SQRT(2*PI()))) * EXP(-((E73 - $D73)^2)/(2*0.5^2)),"") -> 0.10798193 | I73: =(1/(0.5*SQRT(2*PI()))) * EXP(-((F73 - $D73)^2)/(2*0.5^2)) -> 0.79788456 | J73: =IF(G73<>"",(1/(0.5*SQRT(2*PI()))) * EXP(-((G73 - $D73)^2)/(2*0.5^2)),"") -> 0.10798193 | K73: =IF(H73<>"",H73/(SUM(H73:J73)),"") -> 0.10650698 | L73: =I73/SUM(H73:J73) -> 0.78698604 | M73: =IF(J73<>"",J73/SUM(H73:J73),"") -> 0.10650698
A74: 8 | B74: 1 | C74: S | D74: 6 | E74: =IF(F74-1=0,"",F74-1) -> 5 | F74: =D74 -> 6 | G74: =IF(F74+1=11,"",F74+1) -> 7 | H74: =IF(E74<>"",(1/(0.5*SQRT(2*PI()))) * EXP(-((E74 - $D74)^2)/(2*0.5^2)),"") -> 0.10798193 | I74: =(1/(0.5*SQRT(2*PI()))) * EXP(-((F74 - $D74)^2)/(2*0.5^2)) -> 0.79788456 | J74: =IF(G74<>"",(1/(0.5*SQRT(2*PI()))) * EXP(-((G74 - $D74)^2)/(2*0.5^2)),"") -> 0.10798193 | K74: =IF(H74<>"",H74/(SUM(H74:J74)),"") -> 0.10650698 | L74: =I74/SUM(H74:J74) -> 0.78698604 | M74: =IF(J74<>"",J74/SUM(H74:J74),"") -> 0.10650698
A75: 8 | B75: 2 | C75: S | D75: 6 | E75: =IF(F75-1=0,"",F75-1) -> 5 | F75: =D75 -> 6 | G75: =IF(F75+1=11,"",F75+1) -> 7 | H75: =IF(E75<>"",(1/(0.5*SQRT(2*PI()))) * EXP(-((E75 - $D75)^2)/(2*0.5^2)),"") -> 0.10798193 | I75: =(1/(0.5*SQRT(2*PI()))) * EXP(-((F75 - $D75)^2)/(2*0.5^2)) -> 0.79788456 | J75: =IF(G75<>"",(1/(0.5*SQRT(2*PI()))) * EXP(-((G75 - $D75)^2)/(2*0.5^2)),"") -> 0.10798193 | K75: =IF(H75<>"",H75/(SUM(H75:J75)),"") -> 0.10650698 | L75: =I75/SUM(H75:J75) -> 0.78698604 | M75: =IF(J75<>"",J75/SUM(H75:J75),"") -> 0.10650698
A76: 8 | B76: 3 | C76: S | D76: 9 | E76: =IF(F76-1=0,"",F76-1) -> 8 | F76: =D76 -> 9 | G76: =IF(F76+1=11,"",F76+1) -> 10 | H76: =IF(E76<>"",(1/(0.5*SQRT(2*PI()))) * EXP(-((E76 - $D76)^2)/(2*0.5^2)),"") -> 0.10798193 | I76: =(1/(0.5*SQRT(2*PI()))) * EXP(-((F76 - $D76)^2)/(2*0.5^2)) -> 0.79788456 | J76: =IF(G76<>"",(1/(0.5*SQRT(2*PI()))) * EXP(-((G76 - $D76)^2)/(2*0.5^2)),"") -> 0.10798193 | K76: =IF(H76<>"",H76/(SUM(H76:J76)),"") -> 0.10650698 | L76: =I76/SUM(H76:J76) -> 0.78698604 | M76: =IF(J76<>"",J76/SUM(H76:J76),"") -> 0.10650698 | N76: SIM
A77: 9 | B77: 1 | C77: O | D77: 10 | E77: =IF(F77-1=0,"",F77-1) -> 9 | F77: =D77 -> 10 | G77: =IF(F77+1=11,"",F77+1) | H77: =IF(E77<>"",(1/(0.5*SQRT(2*PI()))) * EXP(-((E77 - $D77)^2)/(2*0.5^2)),"") -> 0.10798193 | I77: =(1/(0.5*SQRT(2*PI()))) * EXP(-((F77 - $D77)^2)/(2*0.5^2)) -> 0.79788456 | J77: =IF(G77<>"",(1/(0.5*SQRT(2*PI()))) * EXP(-((G77 - $D77)^2)/(2*0.5^2)),"") | K77: =IF(H77<>"",H77/(SUM(H77:J77)),"") -> 0.11920292 | L77: =I77/SUM(H77:J77) -> 0.88079708 | M77: =IF(J77<>"",J77/SUM(H77:J77),"")
A78: 9 | B78: 2 | C78: O | D78: 9 | E78: =IF(F78-1=0,"",F78-1) -> 8 | F78: =D78 -> 9 | G78: =IF(F78+1=11,"",F78+1) -> 10 | H78: =IF(E78<>"",(1/(0.5*SQRT(2*PI()))) * EXP(-((E78 - $D78)^2)/(2*0.5^2)),"") -> 0.10798193 | I78: =(1/(0.5*SQRT(2*PI()))) * EXP(-((F78 - $D78)^2)/(2*0.5^2)) -> 0.79788456 | J78: =IF(G78<>"",(1/(0.5*SQRT(2*PI()))) * EXP(-((G78 - $D78)^2)/(2*0.5^2)),"") -> 0.10798193 | K78: =IF(H78<>"",H78/(SUM(H78:J78)),"") -> 0.10650698 | L78: =I78/SUM(H78:J78) -> 0.78698604 | M78: =IF(J78<>"",J78/SUM(H78:J78),"") -> 0.10650698
A79: 9 | B79: 3 | C79: O | D79: 9 | E79: =IF(F79-1=0,"",F79-1) -> 8 | F79: =D79 -> 9 | G79: =IF(F79+1=11,"",F79+1) -> 10 | H79: =IF(E79<>"",(1/(0.5*SQRT(2*PI()))) * EXP(-((E79 - $D79)^2)/(2*0.5^2)),"") -> 0.10798193 | I79: =(1/(0.5*SQRT(2*PI()))) * EXP(-((F79 - $D79)^2)/(2*0.5^2)) -> 0.79788456 | J79: =IF(G79<>"",(1/(0.5*SQRT(2*PI()))) * EXP(-((G79 - $D79)^2)/(2*0.5^2)),"") -> 0.10798193 | K79: =IF(H79<>"",H79/(SUM(H79:J79)),"") -> 0.10650698 | L79: =I79/SUM(H79:J79) -> 0.78698604 | M79: =IF(J79<>"",J79/SUM(H79:J79),"") -> 0.10650698
A80: 9 | B80: 1 | C80: D | D80: 1 | E80: =IF(F80-1=0,"",F80-1) | F80: =D80 -> 1 | G80: =IF(F80+1=11,"",F80+1) -> 2 | H80: =IF(E80<>"",(1/(0.5*SQRT(2*PI()))) * EXP(-((E80 - $D80)^2)/(2*0.5^2)),"") | I80: =(1/(0.5*SQRT(2*PI()))) * EXP(-((F80 - $D80)^2)/(2*0.5^2)) -> 0.79788456 | J80: =IF(G80<>"",(1/(0.5*SQRT(2*PI()))) * EXP(-((G80 - $D80)^2)/(2*0.5^2)),"") -> 0.10798193 | K80: =IF(H80<>"",H80/(SUM(H80:J80)),"") | L80: =I80/SUM(H80:J80) -> 0.88079708 | M80: =IF(J80<>"",J80/SUM(H80:J80),"") -> 0.11920292
A81: 9 | B81: 2 | C81: D | D81: 1 | E81: =IF(F81-1=0,"",F81-1) | F81: =D81 -> 1 | G81: =IF(F81+1=11,"",F81+1) -> 2 | H81: =IF(E81<>"",(1/(0.5*SQRT(2*PI()))) * EXP(-((E81 - $D81)^2)/(2*0.5^2)),"") | I81: =(1/(0.5*SQRT(2*PI()))) * EXP(-((F81 - $D81)^2)/(2*0.5^2)) -> 0.79788456 | J81: =IF(G81<>"",(1/(0.5*SQRT(2*PI()))) * EXP(-((G81 - $D81)^2)/(2*0.5^2)),"") -> 0.10798193 | K81: =IF(H81<>"",H81/(SUM(H81:J81)),"") | L81: =I81/SUM(H81:J81) -> 0.88079708 | M81: =IF(J81<>"",J81/SUM(H81:J81),"") -> 0.11920292
A82: 9 | B82: 3 | C82: D | D82: 6 | E82: =IF(F82-1=0,"",F82-1) -> 5 | F82: =D82 -> 6 | G82: =IF(F82+1=11,"",F82+1) -> 7 | H82: =IF(E82<>"",(1/(0.5*SQRT(2*PI()))) * EXP(-((E82 - $D82)^2)/(2*0.5^2)),"") -> 0.10798193 | I82: =(1/(0.5*SQRT(2*PI()))) * EXP(-((F82 - $D82)^2)/(2*0.5^2)) -> 0.79788456 | J82: =IF(G82<>"",(1/(0.5*SQRT(2*PI()))) * EXP(-((G82 - $D82)^2)/(2*0.5^2)),"") -> 0.10798193 | K82: =IF(H82<>"",H82/(SUM(H82:J82)),"") -> 0.10650698 | L82: =I82/SUM(H82:J82) -> 0.78698604 | M82: =IF(J82<>"",J82/SUM(H82:J82),"") -> 0.10650698 | N82: SIM
A83: 9 | B83: 1 | C83: S | D83: 4 | E83: =IF(F83-1=0,"",F83-1) -> 3 | F83: =D83 -> 4 | G83: =IF(F83+1=11,"",F83+1) -> 5 | H83: =IF(E83<>"",(1/(0.5*SQRT(2*PI()))) * EXP(-((E83 - $D83)^2)/(2*0.5^2)),"") -> 0.10798193 | I83: =(1/(0.5*SQRT(2*PI()))) * EXP(-((F83 - $D83)^2)/(2*0.5^2)) -> 0.79788456 | J83: =IF(G83<>"",(1/(0.5*SQRT(2*PI()))) * EXP(-((G83 - $D83)^2)/(2*0.5^2)),"") -> 0.10798193 | K83: =IF(H83<>"",H83/(SUM(H83:J83)),"") -> 0.10650698 | L83: =I83/SUM(H83:J83) -> 0.78698604 | M83: =IF(J83<>"",J83/SUM(H83:J83),"") -> 0.10650698
A84: 9 | B84: 2 | C84: S | D84: 6 | E84: =IF(F84-1=0,"",F84-1) -> 5 | F84: =D84 -> 6 | G84: =IF(F84+1=11,"",F84+1) -> 7 | H84: =IF(E84<>"",(1/(0.5*SQRT(2*PI()))) * EXP(-((E84 - $D84)^2)/(2*0.5^2)),"") -> 0.10798193 | I84: =(1/(0.5*SQRT(2*PI()))) * EXP(-((F84 - $D84)^2)/(2*0.5^2)) -> 0.79788456 | J84: =IF(G84<>"",(1/(0.5*SQRT(2*PI()))) * EXP(-((G84 - $D84)^2)/(2*0.5^2)),"") -> 0.10798193 | K84: =IF(H84<>"",H84/(SUM(H84:J84)),"") -> 0.10650698 | L84: =I84/SUM(H84:J84) -> 0.78698604 | M84: =IF(J84<>"",J84/SUM(H84:J84),"") -> 0.10650698
A85: 9 | B85: 3 | C85: S | D85: 7 | E85: =IF(F85-1=0,"",F85-1) -> 6 | F85: =D85 -> 7 | G85: =IF(F85+1=11,"",F85+1) -> 8 | H85: =IF(E85<>"",(1/(0.5*SQRT(2*PI()))) * EXP(-((E85 - $D85)^2)/(2*0.5^2)),"") -> 0.10798193 | I85: =(1/(0.5*SQRT(2*PI()))) * EXP(-((F85 - $D85)^2)/(2*0.5^2)) -> 0.79788456 | J85: =IF(G85<>"",(1/(0.5*SQRT(2*PI()))) * EXP(-((G85 - $D85)^2)/(2*0.5^2)),"") -> 0.10798193 | K85: =IF(H85<>"",H85/(SUM(H85:J85)),"") -> 0.10650698 | L85: =I85/SUM(H85:J85) -> 0.78698604 | M85: =IF(J85<>"",J85/SUM(H85:J85),"") -> 0.10650698
A86: 10 | B86: 1 | C86: O | D86: 7 | E86: =IF(F86-1=0,"",F86-1) -> 6 | F86: =D86 -> 7 | G86: =IF(F86+1=11,"",F86+1) -> 8 | H86: =IF(E86<>"",(1/(0.5*SQRT(2*PI()))) * EXP(-((E86 - $D86)^2)/(2*0.5^2)),"") -> 0.10798193 | I86: =(1/(0.5*SQRT(2*PI()))) * EXP(-((F86 - $D86)^2)/(2*0.5^2)) -> 0.79788456 | J86: =IF(G86<>"",(1/(0.5*SQRT(2*PI()))) * EXP(-((G86 - $D86)^2)/(2*0.5^2)),"") -> 0.10798193 | K86: =IF(H86<>"",H86/(SUM(H86:J86)),"") -> 0.10650698 | L86: =I86/SUM(H86:J86) -> 0.78698604 | M86: =IF(J86<>"",J86/SUM(H86:J86),"") -> 0.10650698
A87: 10 | B87: 2 | C87: O | D87: 6 | E87: =IF(F87-1=0,"",F87-1) -> 5 | F87: =D87 -> 6 | G87: =IF(F87+1=11,"",F87+1) -> 7 | H87: =IF(E87<>"",(1/(0.5*SQRT(2*PI()))) * EXP(-((E87 - $D87)^2)/(2*0.5^2)),"") -> 0.10798193 | I87: =(1/(0.5*SQRT(2*PI()))) * EXP(-((F87 - $D87)^2)/(2*0.5^2)) -> 0.79788456 | J87: =IF(G87<>"",(1/(0.5*SQRT(2*PI()))) * EXP(-((G87 - $D87)^2)/(2*0.5^2)),"") -> 0.10798193 | K87: =IF(H87<>"",H87/(SUM(H87:J87)),"") -> 0.10650698 | L87: =I87/SUM(H87:J87) -> 0.78698604 | M87: =IF(J87<>"",J87/SUM(H87:J87),"") -> 0.10650698
A88: 10 | B88: 3 | C88: O | D88: 8 | E88: =IF(F88-1=0,"",F88-1) -> 7 | F88: =D88 -> 8 | G88: =IF(F88+1=11,"",F88+1) -> 9 | H88: =IF(E88<>"",(1/(0.5*SQRT(2*PI()))) * EXP(-((E88 - $D88)^2)/(2*0.5^2)),"") -> 0.10798193 | I88: =(1/(0.5*SQRT(2*PI()))) * EXP(-((F88 - $D88)^2)/(2*0.5^2)) -> 0.79788456 | J88: =IF(G88<>"",(1/(0.5*SQRT(2*PI()))) * EXP(-((G88 - $D88)^2)/(2*0.5^2)),"") -> 0.10798193 | K88: =IF(H88<>"",H88/(SUM(H88:J88)),"") -> 0.10650698 | L88: =I88/SUM(H88:J88) -> 0.78698604 | M88: =IF(J88<>"",J88/SUM(H88:J88),"") -> 0.10650698
A89: 10 | B89: 1 | C89: D | D89: 5 | E89: =IF(F89-1=0,"",F89-1) -> 4 | F89: =D89 -> 5 | G89: =IF(F89+1=11,"",F89+1) -> 6 | H89: =IF(E89<>"",(1/(0.5*SQRT(2*PI()))) * EXP(-((E89 - $D89)^2)/(2*0.5^2)),"") -> 0.10798193 | I89: =(1/(0.5*SQRT(2*PI()))) * EXP(-((F89 - $D89)^2)/(2*0.5^2)) -> 0.79788456 | J89: =IF(G89<>"",(1/(0.5*SQRT(2*PI()))) * EXP(-((G89 - $D89)^2)/(2*0.5^2)),"") -> 0.10798193 | K89: =IF(H89<>"",H89/(SUM(H89:J89)),"") -> 0.10650698 | L89: =I89/SUM(H89:J89) -> 0.78698604 | M89: =IF(J89<>"",J89/SUM(H89:J89),"") -> 0.10650698
A90: 10 | B90: 2 | C90: D | D90: 6 | E90: =IF(F90-1=0,"",F90-1) -> 5 | F90: =D90 -> 6 | G90: =IF(F90+1=11,"",F90+1) -> 7 | H90: =IF(E90<>"",(1/(0.5*SQRT(2*PI()))) * EXP(-((E90 - $D90)^2)/(2*0.5^2)),"") -> 0.10798193 | I90: =(1/(0.5*SQRT(2*PI()))) * EXP(-((F90 - $D90)^2)/(2*0.5^2)) -> 0.79788456 | J90: =IF(G90<>"",(1/(0.5*SQRT(2*PI()))) * EXP(-((G90 - $D90)^2)/(2*0.5^2)),"") -> 0.10798193 | K90: =IF(H90<>"",H90/(SUM(H90:J90)),"") -> 0.10650698 | L90: =I90/SUM(H90:J90) -> 0.78698604 | M90: =IF(J90<>"",J90/SUM(H90:J90),"") -> 0.10650698
A91: 10 | B91: 3 | C91: D | D91: 2 | E91: =IF(F91-1=0,"",F91-1) -> 1 | F91: =D91 -> 2 | G91: =IF(F91+1=11,"",F91+1) -> 3 | H91: =IF(E91<>"",(1/(0.5*SQRT(2*PI()))) * EXP(-((E91 - $D91)^2)/(2*0.5^2)),"") -> 0.10798193 | I91: =(1/(0.5*SQRT(2*PI()))) * EXP(-((F91 - $D91)^2)/(2*0.5^2)) -> 0.79788456 | J91: =IF(G91<>"",(1/(0.5*SQRT(2*PI()))) * EXP(-((G91 - $D91)^2)/(2*0.5^2)),"") -> 0.10798193 | K91: =IF(H91<>"",H91/(SUM(H91:J91)),"") -> 0.10650698 | L91: =I91/SUM(H91:J91) -> 0.78698604 | M91: =IF(J91<>"",J91/SUM(H91:J91),"") -> 0.10650698 | N91: SIM
A92: 10 | B92: 1 | C92: S | D92: 7 | E92: =IF(F92-1=0,"",F92-1) -> 6 | F92: =D92 -> 7 | G92: =IF(F92+1=11,"",F92+1) -> 8 | H92: =IF(E92<>"",(1/(0.5*SQRT(2*PI()))) * EXP(-((E92 - $D92)^2)/(2*0.5^2)),"") -> 0.10798193 | I92: =(1/(0.5*SQRT(2*PI()))) * EXP(-((F92 - $D92)^2)/(2*0.5^2)) -> 0.79788456 | J92: =IF(G92<>"",(1/(0.5*SQRT(2*PI()))) * EXP(-((G92 - $D92)^2)/(2*0.5^2)),"") -> 0.10798193 | K92: =IF(H92<>"",H92/(SUM(H92:J92)),"") -> 0.10650698 | L92: =I92/SUM(H92:J92) -> 0.78698604 | M92: =IF(J92<>"",J92/SUM(H92:J92),"") -> 0.10650698
A93: 10 | B93: 2 | C93: S | D93: 5 | E93: =IF(F93-1=0,"",F93-1) -> 4 | F93: =D93 -> 5 | G93: =IF(F93+1=11,"",F93+1) -> 6 | H93: =IF(E93<>"",(1/(0.5*SQRT(2*PI()))) * EXP(-((E93 - $D93)^2)/(2*0.5^2)),"") -> 0.10798193 | I93: =(1/(0.5*SQRT(2*PI()))) * EXP(-((F93 - $D93)^2)/(2*0.5^2)) -> 0.79788456 | J93: =IF(G93<>"",(1/(0.5*SQRT(2*PI()))) * EXP(-((G93 - $D93)^2)/(2*0.5^2)),"") -> 0.10798193 | K93: =IF(H93<>"",H93/(SUM(H93:J93)),"") -> 0.10650698 | L93: =I93/SUM(H93:J93) -> 0.78698604 | M93: =IF(J93<>"",J93/SUM(H93:J93),"") -> 0.10650698
A94: 10 | B94: 3 | C94: S | D94: 7 | E94: =IF(F94-1=0,"",F94-1) -> 6 | F94: =D94 -> 7 | G94: =IF(F94+1=11,"",F94+1) -> 8 | H94: =IF(E94<>"",(1/(0.5*SQRT(2*PI()))) * EXP(-((E94 - $D94)^2)/(2*0.5^2)),"") -> 0.10798193 | I94: =(1/(0.5*SQRT(2*PI()))) * EXP(-((F94 - $D94)^2)/(2*0.5^2)) -> 0.79788456 | J94: =IF(G94<>"",(1/(0.5*SQRT(2*PI()))) * EXP(-((G94 - $D94)^2)/(2*0.5^2)),"") -> 0.10798193 | K94: =IF(H94<>"",H94/(SUM(H94:J94)),"") -> 0.10650698 | L94: =I94/SUM(H94:J94) -> 0.78698604 | M94: =IF(J94<>"",J94/SUM(H94:J94),"") -> 0.10650698
A95: 11 | B95: 1 | C95: O | D95: 5 | E95: =IF(F95-1=0,"",F95-1) -> 4 | F95: =D95 -> 5 | G95: =IF(F95+1=11,"",F95+1) -> 6 | H95: =IF(E95<>"",(1/(0.5*SQRT(2*PI()))) * EXP(-((E95 - $D95)^2)/(2*0.5^2)),"") -> 0.10798193 | I95: =(1/(0.5*SQRT(2*PI()))) * EXP(-((F95 - $D95)^2)/(2*0.5^2)) -> 0.79788456 | J95: =IF(G95<>"",(1/(0.5*SQRT(2*PI()))) * EXP(-((G95 - $D95)^2)/(2*0.5^2)),"") -> 0.10798193 | K95: =IF(H95<>"",H95/(SUM(H95:J95)),"") -> 0.10650698 | L95: =I95/SUM(H95:J95) -> 0.78698604 | M95: =IF(J95<>"",J95/SUM(H95:J95),"") -> 0.10650698
A96: 11 | B96: 2 | C96: O | D96: 4 | E96: =IF(F96-1=0,"",F96-1) -> 3 | F96: =D96 -> 4 | G96: =IF(F96+1=11,"",F96+1) -> 5 | H96: =IF(E96<>"",(1/(0.5*SQRT(2*PI()))) * EXP(-((E96 - $D96)^2)/(2*0.5^2)),"") -> 0.10798193 | I96: =(1/(0.5*SQRT(2*PI()))) * EXP(-((F96 - $D96)^2)/(2*0.5^2)) -> 0.79788456 | J96: =IF(G96<>"",(1/(0.5*SQRT(2*PI()))) * EXP(-((G96 - $D96)^2)/(2*0.5^2)),"") -> 0.10798193 | K96: =IF(H96<>"",H96/(SUM(H96:J96)),"") -> 0.10650698 | L96: =I96/SUM(H96:J96) -> 0.78698604 | M96: =IF(J96<>"",J96/SUM(H96:J96),"") -> 0.10650698
A97: 11 | B97: 3 | C97: O | D97: 9 | E97: =IF(F97-1=0,"",F97-1) -> 8 | F97: =D97 -> 9 | G97: =IF(F97+1=11,"",F97+1) -> 10 | H97: =IF(E97<>"",(1/(0.5*SQRT(2*PI()))) * EXP(-((E97 - $D97)^2)/(2*0.5^2)),"") -> 0.10798193 | I97: =(1/(0.5*SQRT(2*PI()))) * EXP(-((F97 - $D97)^2)/(2*0.5^2)) -> 0.79788456 | J97: =IF(G97<>"",(1/(0.5*SQRT(2*PI()))) * EXP(-((G97 - $D97)^2)/(2*0.5^2)),"") -> 0.10798193 | K97: =IF(H97<>"",H97/(SUM(H97:J97)),"") -> 0.10650698 | L97: =I97/SUM(H97:J97) -> 0.78698604 | M97: =IF(J97<>"",J97/SUM(H97:J97),"") -> 0.10650698 | N97: SIM
A98: 11 | B98: 1 | C98: D | D98: 6 | E98: =IF(F98-1=0,"",F98-1) -> 5 | F98: =D98 -> 6 | G98: =IF(F98+1=11,"",F98+1) -> 7 | H98: =IF(E98<>"",(1/(0.5*SQRT(2*PI()))) * EXP(-((E98 - $D98)^2)/(2*0.5^2)),"") -> 0.10798193 | I98: =(1/(0.5*SQRT(2*PI()))) * EXP(-((F98 - $D98)^2)/(2*0.5^2)) -> 0.79788456 | J98: =IF(G98<>"",(1/(0.5*SQRT(2*PI()))) * EXP(-((G98 - $D98)^2)/(2*0.5^2)),"") -> 0.10798193 | K98: =IF(H98<>"",H98/(SUM(H98:J98)),"") -> 0.10650698 | L98: =I98/SUM(H98:J98) -> 0.78698604 | M98: =IF(J98<>"",J98/SUM(H98:J98),"") -> 0.10650698
A99: 11 | B99: 2 | C99: D | D99: 6 | E99: =IF(F99-1=0,"",F99-1) -> 5 | F99: =D99 -> 6 | G99: =IF(F99+1=11,"",F99+1) -> 7 | H99: =IF(E99<>"",(1/(0.5*SQRT(2*PI()))) * EXP(-((E99 - $D99)^2)/(2*0.5^2)),"") -> 0.10798193 | I99: =(1/(0.5*SQRT(2*PI()))) * EXP(-((F99 - $D99)^2)/(2*0.5^2)) -> 0.79788456 | J99: =IF(G99<>"",(1/(0.5*SQRT(2*PI()))) * EXP(-((G99 - $D99)^2)/(2*0.5^2)),"") -> 0.10798193 | K99: =IF(H99<>"",H99/(SUM(H99:J99)),"") -> 0.10650698 | L99: =I99/SUM(H99:J99) -> 0.78698604 | M99: =IF(J99<>"",J99/SUM(H99:J99),"") -> 0.10650698
A100: 11 | B100: 3 | C100: D | D100: 3 | E100: =IF(F100-1=0,"",F100-1) -> 2 | F100: =D100 -> 3 | G100: =IF(F100+1=11,"",F100+1) -> 4 | H100: =IF(E100<>"",(1/(0.5*SQRT(2*PI()))) * EXP(-((E100 - $D100)^2)/(2*0.5^2)),"") -> 0.10798193 | I100: =(1/(0.5*SQRT(2*PI()))) * EXP(-((F100 - $D100)^2)/(2*0.5^2)) -> 0.79788456 | J100: =IF(G100<>"",(1/(0.5*SQRT(2*PI()))) * EXP(-((G100 - $D100)^2)/(2*0.5^2)),"") -> 0.10798193 | K100: =IF(H100<>"",H100/(SUM(H100:J100)),"") -> 0.10650698 | L100: =I100/SUM(H100:J100) -> 0.78698604 | M100: =IF(J100<>"",J100/SUM(H100:J100),"") -> 0.10650698 | N100: SIM
A101: 11 | B101: 1 | C101: S | D101: 7 | E101: =IF(F101-1=0,"",F101-1) -> 6 | F101: =D101 -> 7 | G101: =IF(F101+1=11,"",F101+1) -> 8 | H101: =IF(E101<>"",(1/(0.5*SQRT(2*PI()))) * EXP(-((E101 - $D101)^2)/(2*0.5^2)),"") -> 0.10798193 | I101: =(1/(0.5*SQRT(2*PI()))) * EXP(-((F101 - $D101)^2)/(2*0.5^2)) -> 0.79788456 | J101: =IF(G101<>"",(1/(0.5*SQRT(2*PI()))) * EXP(-((G101 - $D101)^2)/(2*0.5^2)),"") -> 0.10798193 | K101: =IF(H101<>"",H101/(SUM(H101:J101)),"") -> 0.10650698 | L101: =I101/SUM(H101:J101) -> 0.78698604 | M101: =IF(J101<>"",J101/SUM(H101:J101),"") -> 0.10650698
A102: 11 | B102: 2 | C102: S | D102: 6 | E102: =IF(F102-1=0,"",F102-1) -> 5 | F102: =D102 -> 6 | G102: =IF(F102+1=11,"",F102+1) -> 7 | H102: =IF(E102<>"",(1/(0.5*SQRT(2*PI()))) * EXP(-((E102 - $D102)^2)/(2*0.5^2)),"") -> 0.10798193 | I102: =(1/(0.5*SQRT(2*PI()))) * EXP(-((F102 - $D102)^2)/(2*0.5^2)) -> 0.79788456 | J102: =IF(G102<>"",(1/(0.5*SQRT(2*PI()))) * EXP(-((G102 - $D102)^2)/(2*0.5^2)),"") -> 0.10798193 | K102: =IF(H102<>"",H102/(SUM(H102:J102)),"") -> 0.10650698 | L102: =I102/SUM(H102:J102) -> 0.78698604 | M102: =IF(J102<>"",J102/SUM(H102:J102),"") -> 0.10650698
A103: 11 | B103: 3 | C103: S | D103: 6 | E103: =IF(F103-1=0,"",F103-1) -> 5 | F103: =D103 -> 6 | G103: =IF(F103+1=11,"",F103+1) -> 7 | H103: =IF(E103<>"",(1/(0.5*SQRT(2*PI()))) * EXP(-((E103 - $D103)^2)/(2*0.5^2)),"") -> 0.10798193 | I103: =(1/(0.5*SQRT(2*PI()))) * EXP(-((F103 - $D103)^2)/(2*0.5^2)) -> 0.79788456 | J103: =IF(G103<>"",(1/(0.5*SQRT(2*PI()))) * EXP(-((G103 - $D103)^2)/(2*0.5^2)),"") -> 0.10798193 | K103: =IF(H103<>"",H103/(SUM(H103:J103)),"") -> 0.10650698 | L103: =I103/SUM(H103:J103) -> 0.78698604 | M103: =IF(J103<>"",J103/SUM(H103:J103),"") -> 0.10650698
A104: 12 | B104: 1 | C104: O | D104: 5 | E104: =IF(F104-1=0,"",F104-1) -> 4 | F104: =D104 -> 5 | G104: =IF(F104+1=11,"",F104+1) -> 6 | H104: =IF(E104<>"",(1/(0.5*SQRT(2*PI()))) * EXP(-((E104 - $D104)^2)/(2*0.5^2)),"") -> 0.10798193 | I104: =(1/(0.5*SQRT(2*PI()))) * EXP(-((F104 - $D104)^2)/(2*0.5^2)) -> 0.79788456 | J104: =IF(G104<>"",(1/(0.5*SQRT(2*PI()))) * EXP(-((G104 - $D104)^2)/(2*0.5^2)),"") -> 0.10798193 | K104: =IF(H104<>"",H104/(SUM(H104:J104)),"") -> 0.10650698 | L104: =I104/SUM(H104:J104) -> 0.78698604 | M104: =IF(J104<>"",J104/SUM(H104:J104),"") -> 0.10650698
A105: 12 | B105: 2 | C105: O | D105: 3 | E105: =IF(F105-1=0,"",F105-1) -> 2 | F105: =D105 -> 3 | G105: =IF(F105+1=11,"",F105+1) -> 4 | H105: =IF(E105<>"",(1/(0.5*SQRT(2*PI()))) * EXP(-((E105 - $D105)^2)/(2*0.5^2)),"") -> 0.10798193 | I105: =(1/(0.5*SQRT(2*PI()))) * EXP(-((F105 - $D105)^2)/(2*0.5^2)) -> 0.79788456 | J105: =IF(G105<>"",(1/(0.5*SQRT(2*PI()))) * EXP(-((G105 - $D105)^2)/(2*0.5^2)),"") -> 0.10798193 | K105: =IF(H105<>"",H105/(SUM(H105:J105)),"") -> 0.10650698 | L105: =I105/SUM(H105:J105) -> 0.78698604 | M105: =IF(J105<>"",J105/SUM(H105:J105),"") -> 0.10650698
A106: 12 | B106: 3 | C106: O | D106: 9 | E106: =IF(F106-1=0,"",F106-1) -> 8 | F106: =D106 -> 9 | G106: =IF(F106+1=11,"",F106+1) -> 10 | H106: =IF(E106<>"",(1/(0.5*SQRT(2*PI()))) * EXP(-((E106 - $D106)^2)/(2*0.5^2)),"") -> 0.10798193 | I106: =(1/(0.5*SQRT(2*PI()))) * EXP(-((F106 - $D106)^2)/(2*0.5^2)) -> 0.79788456 | J106: =IF(G106<>"",(1/(0.5*SQRT(2*PI()))) * EXP(-((G106 - $D106)^2)/(2*0.5^2)),"") -> 0.10798193 | K106: =IF(H106<>"",H106/(SUM(H106:J106)),"") -> 0.10650698 | L106: =I106/SUM(H106:J106) -> 0.78698604 | M106: =IF(J106<>"",J106/SUM(H106:J106),"") -> 0.10650698 | N106: SIM
...

Sheet RPN_POND_MASS
A1: Event | B1: Type | C1: RPN
A2: 1 | B2: D | C2: 7
A3: 1 | B3: O | C3: 7.6667
A4: 1 | B4: S | C4: 8
A5: 2 | B5: D | C5: 4
A6: 2 | B6: O | C6: 9.2539
A7: 2 | B7: S | C7: 7.3333
A8: 3 | B8: D | C8: 5.6667
A9: 3 | B9: O | C9: 8.6269
A10: 3 | B10: S | C10: 4.5
A11: 4 | B11: D | C11: 5
A12: 4 | B12: O | C12: 8.2936
A13: 4 | B13: S | C13: 8.9603
... A108: 36 | B108: S | C108: 9.2936

Sheet Validação
A1: k | B1: f(r-1) | C1: f(r) | D1: f(r+1)
A2: 6 | B2: x
A3: 7 | C3: x
A4: 8 | D4: x
A7: k | B7: Esp Q | C7: Soma Ma | D7: Media
A8: 6 | B8: 1 e 2 | C8: =Planilha3!K8+Planilha3!K9 -> 0.21301396 | D8: =C8/3 -> 0.071004653 | E8: =A8*D8 -> 0.42602792
A9: 7 | B9: 1 e 2 | C9: =Planilha3!L8+Planilha3!L9 -> 1.5739721 | D9: =C9/2 -> 0.78698604 | E9: =A9*D9 -> 5.5089023
A10: 8 | B10: 1 e 2 | C10: =Planilha3!M8+Planilha3!M9 -> 0.21301396 | D10: =C10/2 -> 0.10650698 | E10: =A10*D10 -> 0.85205583
E12: =SUM(E8:E10) -> 6.786986
A15: k | B15: f(r-1) | C15: f(r) | D15: f(r+1)
A16: 3 | B16: x
A17: 4 | B17: x | C17: x
A18: 5 | C18: x | D18: x
A19: 6 | D19: x
A21: 3s
A22: k | B22: Esp Q | C22: Soma Ma | D22: Media
A23: 3 | B23: 3 (r-1) | C23: 0.10650698 | D23: 0.053253489 | E23: 0.15976047
A24: 4 | B24: 2(r-1) e 3r | C24: 0.89349302 | D24: 0.44674651 | E24: 1.786986
A25: 5 | B25: 2r e 3 (r+1) | C25: 0.89349302 | D25: 0.44674651 | E25: 2.2337326
A26: 6 | B26: 2 (r+1) | C26: 0.10650698 | D26: 0.053253489 | E26: 0.31952094
D28: =SUM(D23:D26) -> 1 | E28: 4.5
A30: 4s
A31: k | B31: Esp Q | C31: Soma Ma | D31: Media
A32: 7 | B32: 2 (r-1) | C32: 0.10650698 | D32: 0.035502326 | E32: 0.24851628
A33: 8 | B33: 2(r) e 3r-1 | C33: 0.89349302 | D33: 0.29783101 | E33: 2.3826481
A34: 9 | B34: 1r-1 e 2 (r+1) e 3r | C34: 1.0126959 | D34: 0.33756531 | E34: 3.0380878
A35: 10 | B35: 1r e 3 (r+1) | C35: 0.98730406 | D35: 0.32910135 | E35: 3.2910135
E37: 8.9602657

Sheet FINAL_RESULTS
A1: Event | B1: Modelling Stage | C1: K_O | D1: RPN_O | E1: K_D | F1: RPN_D | G1: K_S | H1: RPN_S | I1: RPNf | J1: Ranking
A2: 36 | B2: =VLOOKUP(A2,Questions!$A:$B,2,0) -> Overview | C2: 0.0601 | D2: 8.2936 | E2: 0.0663 | F2: 8.6269 | G2: 0.3391 | H2: 9.2936 | I2: 664.93903 | J2: 1
A3: 33 | B3: =VLOOKUP(A3,Questions!$A:$B,2,0) -> Overview | C3: 0.79 | D3: 9.8808 | E3: 0.0597 | F3: 6.3333 | G3: 0.2718 | H3: 9.2539 | I3: 579.09121 | J3: 2
A4: 30 | B4: =VLOOKUP(A4,Questions!$A:$B,2,0) -> Implementation and Monitoring | C4: 0.008 | D4: 7.9603 | E4: 0.642 | F4: 7 | G4: 0.3258 | H4: 8.6667 | I4: 482.92672 | J4: 3
A5: 1 | B5: =VLOOKUP(A5,Questions!$A:$B,2,0) -> Business Understanding | C5: 0.3258 | D5: 7.6667 | E5: 0.642 | F5: 7 | G5: 0.642 | H5: 8 | I5: 429.3352 | J5: 4
A6: 34 | B6: =VLOOKUP(A6,Questions!$A:$B,2,0) -> Overview | C6: 0.0601 | D6: 8.2936 | E6: 0.2216 | F6: 6.3333 | G6: 0.0597 | H6: 7.3333 | I6: 385.18787 | J6: 5
A7: 21 | B7: =VLOOKUP(A7,Questions!$A:$B,2,0) -> Model Evaluation | C7: 0.0076 | D7: 5 | E7: 0.1876 | F7: 9.4404 | G7: 0.1155 | H7: 8 | I7: 377.616 | J7: 6
A8: 4 | B8: =VLOOKUP(A8,Questions!$A:$B,2,0) -> Business Understanding | C8: 0.0601 | D8: 8.2936 | E8: 0.642 | F8: 5 | G8: 0.1227 | H8: 8.9603 | I8: 371.56572 | J8: 7
A9: 7 | B9: =VLOOKUP(A9,Questions!$A:$B,2,0) -> Data Understanding | C9: 0.1876 | D9: 9.4404 | E9: 0.1155 | F9: 5 | G9: 0.1676 | H9: 7.5 | I9: 354.015 | J9: 8
A10: 5 | B10: =VLOOKUP(A10,Questions!$A:$B,2,0) -> Business Understanding | C10: 0.1876 | D10: 9.4404 | E10: 0.0113 | F10: 4 | G10: 0.0127 | H10: 8.9404 | I10: 337.60381 | J10: 9
A11: 6 | B11: =VLOOKUP(A11,Questions!$A:$B,2,0) -> Data Understanding | C11: 0.0601 | D11: 8.2936 | E11: 0.3258 | F11: 4.6667 | G11: 0.008 | H11: 7.9603 | I11: 308.09341 | J11: 10
A12: 35 | B12: =VLOOKUP(A12,Questions!$A:$B,2,0) -> Overview | C12: 0.642 | D12: 5 | E12: 0.0113 | F12: 7 | G12: 0.3258 | H12: 8.3333 | I12: 291.6655 | J12: 11
A13: 32 | B13: =VLOOKUP(A13,Questions!$A:$B,2,0) -> Overview | C13: 0.1676 | D13: 6.5 | E13: 0.0597 | F13: 5.6667 | G13: 0.1676 | H13: 7.5 | I13: 276.25162 | J13: 12
... A36: 23 | B36: =VLOOKUP(A36,Questions!$A:$B,2,0) -> Model Evaluation | C36: 0.642 | D36: 3 | E36: 0.79 | F36: 1.1192 | G36: 0.1227 | H36: 8.9603 | I36: 30.085103 | J36: 35
A37: 22 | B37: =VLOOKUP(A37,Questions!$A:$B,2,0) -> Model Evaluation | C37: 0.0601 | D37: 8.2936 | G37: 0.3258 | H37: 7.6667 | J37: 36

Sheet Planilha3
A4: Event | B4: Expert | C4: Type | D4: Score | E4: r-1 | F4: r | G4: r+1 | H4: f(r-1) | I4: f® | J4: f(r+1) | K4: f(r-1) | L4: f(r) | M4: f(r+1) | O4: k | P4: f(r-1) | Q4: f(r) | R4: f(r+1)
A5: 1 | B5: 1 | C5: O | D5: 8 | E5: 7 | F5: 8 | G5: 9 | H5: 0.10798193 | I5: 0.79788456 | J5: 0.10798193 | K5: 0.10650698 | L5: 0.78698604 | M5: 0.10650698
A6: 1 | B6: 2 | C6: O | D6: 7 | E6: 6 | F6: 7 | G6: 8 | H6: 0.10798193 | I6: 0.79788456 | J6: 0.10798193 | K6: 0.10650698 | L6: 0.78698604 | M6: 0.10650698
A7: 1 | B7: 3 | C7: O | D7: 8 | E7: 7 | F7: 8 | G7: 9 | H7: 0.10798193 | I7: 0.79788456 | J7: 0.10798193 | K7: 0.10650698 | L7: 0.78698604 | M7: 0.10650698
A8: 1 | B8: 1 | C8: D | D8: 7 | E8: 6 | F8: 7 | G8: 8 | H8: 0.10798193 | I8: 0.79788456 | J8: 0.10798193 | K8: 0.10650698 | L8: 0.78698604 | M8: 0.10650698
A9: 1 | B9: 2 | C9: D | D9: 7 | E9: 6 | F9: 7 | G9: 8 | H9: 0.10798193 | I9: 0.79788456 | J9: 0.10798193 | K9: 0.10650698 | L9: 0.78698604 | M9: 0.10650698
A10: 1 | B10: 1 | C10: S | D10: 8 | E10: 7 | F10: 8 | G10: 9 | H10: 0.10798193 | I10: 0.79788456 | J10: 0.10798193 | K10: 0.10650698 | L10: 0.78698604 | M10: 0.10650698
A11: 1 | B11: 2 | C11: S | D11: 8 | E11: 7 | F11: 8 | G11: 9 | H11: 0.10798193 | I11: 0.79788456 | J11: 0.10798193 | K11: 0.10650698 | L11: 0.78698604 | M11: 0.10650698
A12: 1 | B12: 3 | C12: S | D12: 8 | E12: 7 | F12: 8 | G12: 9 | H12: 0.10798193 | I12: 0.79788456 | J12: 0.10798193 | K12: 0.10650698 | L12: 0.78698604 | M12: 0.10650698
A13: 2 | B13: 1 | C13: O | D13: 10 | E13: 9 | F13: 10 | H13: 0.10798193 | I13: 0.79788456 | K13: 0.11920292 | L13: 0.88079708
A14: 2 | B14: 2 | C14: O | D14: 10 | E14: 9 | F14: 10 | H14: 0.10798193 | I14: 0.79788456 | K14: 0.11920292 | L14: 0.88079708
A15: 2 | B15: 3 | C15: O | D15: 8 | E15: 7 | F15: 8 | G15: 9 | H15: 0.10798193 | I15: 0.79788456 | J15: 0.10798193 | K15: 0.10650698 | L15: 0.78698604 | M15: 0.10650698
A16: 2 | B16: 1 | C16: D | D16: 3 | E16: 2 | F16: 3 | G16: 4 | H16: 0.10798193 | I16: 0.79788456 | J16: 0.10798193 | K16: 0.10650698 | L16: 0.78698604 | M16: 0.10650698
A17: 2 | B17: 2 | C17: D | D17: 4 | E17: 3 | F17: 4 | G17: 5 | H17: 0.10798193 | I17: 0.79788456 | J17: 0.10798193 | K17: 0.10650698 | L17: 0.78698604 | M17: 0.10650698
A18: 2 | B18: 3 | C18: D | D18: 5 | E18: 4 | F18: 5 | G18: 6 | H18: 0.10798193 | I18: 0.79788456 | J18: 0.10798193 | K18: 0.10650698 | L18: 0.78698604 | M18: 0.10650698
A19: 2 | B19: 1 | C19: S | D19: 7 | E19: 6 | F19: 7 | G19: 8 | H19: 0.10798193 | I19: 0.79788456 | J19: 0.10798193 | K19: 0.10650698 | L19: 0.78698604 | M19: 0.10650698
A20: 2 | B20: 2 | C20: S | D20: 9 | E20: 8 | F20: 9 | G20: 10 | H20: 0.10798193 | I20: 0.79788456 | J20: 0.10798193 | K20: 0.10650698 | L20: 0.78698604 | M20: 0.10650698
A21: 2 | B21: 3 | C21: S | D21: 6 | E21: 5 | F21: 6 | G21: 7 | H21: 0.10798193 | I21: 0.79788456 | J21: 0.10798193 | K21: 0.10650698 | L21: 0.78698604 | M21: 0.10650698
A22: 3 | B22: 1 | C22: O | D22: 10 | E22: 9 | F22: 10 | H22: 0.10798193 | I22: 0.79788456 | K22: 0.11920292 | L22: 0.88079708
A23: 3 | B23: 2 | C23: O | D23: 8 | E23: 7 | F23: 8 | G23: 9 | H23: 0.10798193 | I23: 0.79788456 | J23: 0.10798193 | K23: 0.10650698 | L23: 0.78698604 | M23: 0.10650698
A24: 3 | B24: 3 | C24: O | D24: 8 | E24: 7 | F24: 8 | G24: 9 | H24: 0.10798193 | I24: 0.79788456 | J24: 0.10798193 | K24: 0.10650698 | L24: 0.78698604 | M24: 0.10650698
A25: 3 | B25: 1 | C25: D | D25: 5 | E25: 4 | F25: 5 | G25: 6 | H25: 0.10798193 | I25: 0.79788456 | J25: 0.10798193 | K25: 0.10650698 | L25: 0.78698604 | M25: 0.10650698
A26: 3 | B26: 2 | C26: D | D26: 6 | E26: 5 | F26: 6 | G26: 7 | H26: 0.10798193 | I26: 0.79788456 | J26: 0.10798193 | K26: 0.10650698 | L26: 0.78698604 | M26: 0.10650698
A27: 3 | B27: 3 | C27: D | D27: 6 | E27: 5 | F27: 6 | G27: 7 | H27: 0.10798193 | I27: 0.79788456 | J27: 0.10798193 | K27: 0.10650698 | L27: 0.78698604 | M27: 0.10650698
A28: 3 | B28: 2 | C28: S | D28: 5 | E28: 4 | F28: 5 | G28: 6 | H28: 0.10798193 | I28: 0.79788456 | J28: 0.10798193 | K28: 0.10650698 | L28: 0.78698604 | M28: 0.10650698 | O28: 3 | P28: x
A29: 3 | B29: 3 | C29: S | D29: 4 | E29: 3 | F29: 4 | G29: 5 | H29: 0.10798193 | I29: 0.79788456 | J29: 0.10798193 | K29: 0.10650698 | L29: 0.78698604 | M29: 0.10650698 | O29: 4 | P29: x | Q29: x
A30: 4 | B30: 1 | C30: O | D30: 10 | E30: 9 | F30: 10 | H30: 0.10798193 | I30: 0.79788456 | K30: 0.11920292 | L30: 0.88079708
A31: 4 | B31: 2 | C31: O | D31: 8 | E31: 7 | F31: 8 | G31: 9 | H31: 0.10798193 | I31: 0.79788456 | J31: 0.10798193 | K31: 0.10650698 | L31: 0.78698604 | M31: 0.10650698
A32: 4 | B32: 3 | C32: O | D32: 7 | E32: 6 | F32: 7 | G32: 8 | H32: 0.10798193 | I32: 0.79788456 | J32: 0.10798193 | K32: 0.10650698 | L32: 0.78698604 | M32: 0.10650698
A33: 4 | B33: 2 | C33: D | D33: 5 | E33: 4 | F33: 5 | G33: 6 | H33: 0.10798193 | I33: 0.79788456 | J33: 0.10798193 | K33: 0.10650698 | L33: 0.78698604 | M33: 0.10650698
A34: 4 | B34: 3 | C34: D | D34: 5 | E34: 4 | F34: 5 | G34: 6 | H34: 0.10798193 | I34: 0.79788456 | J34: 0.10798193 | K34: 0.10650698 | L34: 0.78698604 | M34: 0.10650698
A35: 4 | B35: 1 | C35: S | D35: 10 | E35: 9 | F35: 10 | H35: 0.10798193 | I35: 0.79788456 | K35: 0.11920292 | L35: 0.88079708
A36: 4 | B36: 2 | C36: S | D36: 8 | E36: 7 | F36: 8 | G36: 9 | H36: 0.10798193 | I36: 0.79788456 | J36: 0.10798193 | K36: 0.10650698 | L36: 0.78698604 | M36: 0.10650698
A37: 4 | B37: 3 | C37: S | D37: 9 | E37: 8 | F37: 9 | G37: 10 | H37: 0.10798193 | I37: 0.79788456 | J37: 0.10798193 | K37: 0.10650698 | L37: 0.78698604 | M37: 0.10650698
A38: 5 | B38: 1 | C38: O | D38: 10 | E38: 9 | F38: 10 | H38: 0.10798193 | I38: 0.79788456 | K38: 0.11920292 | L38: 0.88079708
A39: 5 | B39: 3 | C39: O | D39: 9 | E39: 8 | F39: 9 | G39: 10 | H39: 0.10798193 | I39: 0.79788456 | J39: 0.10798193 | K39: 0.10650698 | L39: 0.78698604 | M39: 0.10650698
A40: 5 | B40: 2 | C40: D | D40: 5 | E40: 4 | F40: 5 | G40: 6 | H40: 0.10798193 | I40: 0.79788456 | J40: 0.10798193 | K40: 0.10650698 | L40: 0.78698604 | M40: 0.10650698
A41: 5 | B41: 3 | C41: D | D41: 3 | E41: 2 | F41: 3 | G41: 4 | H41: 0.10798193 | I41: 0.79788456 | J41: 0.10798193 | K41: 0.10650698 | L41: 0.78698604 | M41: 0.10650698
A42: 5 | B42: 1 | C42: S | D42: 10 | E42: 9 | F42: 10 | H42: 0.10798193 | I42: 0.79788456 | K42: 0.11920292 | L42: 0.88079708
A43: 5 | B43: 3 | C43: S | D43: 8 | E43: 7 | F43: 8 | G43: 9 | H43: 0.10798193 | I43: 0.79788456 | J43: 0.10798193 | K43: 0.10650698 | L43: 0.78698604 | M43: 0.10650698
A44: 6 | B44: 1 | C44: O | D44: 10 | E44: 9 | F44: 10 | H44: 0.10798193 | I44: 0.79788456 | K44: 0.11920292 | L44: 0.88079708
A45: 6 | B45: 2 | C45: O | D45: 8 | E45: 7 | F45: 8 | G45: 9 | H45: 0.10798193 | I45: 0.79788456 | J45: 0.10798193 | K45: 0.10650698 | L45: 0.78698604 | M45: 0.10650698
A46: 6 | B46: 3 | C46: O | D46: 7 | E46: 6 | F46: 7 | G46: 8 | H46: 0.10798193 | I46: 0.79788456 | J46: 0.10798193 | K46: 0.10650698 | L46: 0.78698604 | M46: 0.10650698
A47: 6 | B47: 1 | C47: D | D47: 5 | E47: 4 | F47: 5 | G47: 6 | H47: 0.10798193 | I47: 0.79788456 | J47: 0.10798193 | K47: 0.10650698 | L47: 0.78698604 | M47: 0.10650698
A48: 6 | B48: 2 | C48: D | D48: 4 | E48: 3 | F48: 4 | G48: 5 | H48: 0.10798193 | I48: 0.79788456 | J48: 0.10798193 | K48: 0.10650698 | L48: 0.78698604 | M48: 0.10650698
A49: 6 | B49: 3 | C49: D | D49: 5 | E49: 4 | F49: 5 | G49: 6 | H49: 0.10798193 | I49: 0.79788456 | J49: 0.10798193 | K49: 0.10650698 | L49: 0.78698604 | M49: 0.10650698
A50: 6 | B50: 1 | C50: S | D50: 10 | E50: 9 | F50: 10 | H50: 0.10798193 | I50: 0.79788456 | K50: 0.11920292 | L50: 0.88079708
A51: 6 | B51: 2 | C51: S | D51: 8 | E51: 7 | F51: 8 | G51: 9 | H51: 0.10798193 | I51: 0.79788456 | J51: 0.10798193 | K51: 0.10650698 | L51: 0.78698604 | M51: 0.10650698
A52: 6 | B52: 3 | C52: S | D52: 6 | E52: 5 | F52: 6 | G52: 7 | H52: 0.10798193 | I52: 0.79788456 | J52: 0.10798193 | K52: 0.10650698 | L52: 0.78698604 | M52: 0.10650698
A53: 7 | B53: 1 | C53: O | D53: 10 | E53: 9 | F53: 10 | H53: 0.10798193 | I53: 0.79788456 | K53: 0.11920292 | L53: 0.88079708
A54: 7 | B54: 2 | C54: O | D54: 9 | E54: 8 | F54: 9 | G54: 10 | H54: 0.10798193 | I54: 0.79788456 | J54: 0.10798193 | K54: 0.10650698 | L54: 0.78698604 | M54: 0.10650698
A55: 7 | B55: 1 | C55: D | D55: 5 | E55: 4 | F55: 5 | G55: 6 | H55: 0.10798193 | I55: 0.79788456 | J55: 0.10798193 | K55: 0.10650698 | L55: 0.78698604 | M55: 0.10650698
A56: 7 | B56: 2 | C56: D | D56: 4 | E56: 3 | F56: 4 | G56: 5 | H56: 0.10798193 | I56: 0.79788456 | J56: 0.10798193 | K56: 0.10650698 | L56: 0.78698604 | M56: 0.10650698
A57: 7 | B57: 3 | C57: D | D57: 6 | E57: 5 | F57: 6 | G57: 7 | H57: 0.10798193 | I57: 0.79788456 | J57: 0.10798193 | K57: 0.10650698 | L57: 0.78698604 | M57: 0.10650698
A58: 7 | B58: 1 | C58: S | D58: 7 | E58: 6 | F58: 7 | G58: 8 | H58: 0.10798193 | I58: 0.79788456 | J58: 0.10798193 | K58: 0.10650698 | L58: 0.78698604 | M58: 0.10650698
A59: 7 | B59: 2 | C59: S | D59: 8 | E59: 7 | F59: 8 | G59: 9 | H59: 0.10798193 | I59: 0.79788456 | J59: 0.10798193 | K59: 0.10650698 | L59: 0.78698604 | M59: 0.10650698
A60: 8 | B60: 1 | C60: O | D60: 7 | E60: 6 | F60: 7 | G60: 8 | H60: 0.10798193 | I60: 0.79788456 | J60: 0.10798193 | K60: 0.10650698 | L60: 0.78698604 | M60: 0.10650698
A61: 8 | B61: 2 | C61: O | D61: 5 | E61: 4 | F61: 5 | G61: 6 | H61: 0.10798193 | I61: 0.79788456 | J61: 0.10798193 | K61: 0.10650698 | L61: 0.78698604 | M61: 0.10650698
A62: 8 | B62: 3 | C62: O | D62: 8 | E62: 7 | F62: 8 | G62: 9 | H62: 0.10798193 | I62: 0.79788456 | J62: 0.10798193 | K62: 0.10650698 | L62: 0.78698604 | M62: 0.10650698
A63: 8 | B63: 2 | C63: D | D63: 3 | E63: 2 | F63: 3 | G63: 4 | H63: 0.10798193 | I63: 0.79788456 | J63: 0.10798193 | K63: 0.10650698 | L63: 0.78698604 | M63: 0.10650698
A64: 8 | B64: 3 | C64: D | D64: 4 | E64: 3 | F64: 4 | G64: 5 | H64: 0.10798193 | I64: 0.79788456 | J64: 0.10798193 | K64: 0.10650698 | L64: 0.78698604 | M64: 0.10650698
A65: 8 | B65: 1 | C65: S | D65: 6 | E65: 5 | F65: 6 | G65: 7 | H65: 0.10798193 | I65: 0.79788456 | J65: 0.10798193 | K65: 0.10650698 | L65: 0.78698604 | M65: 0.10650698
A66: 8 | B66: 2 | C66: S | D66: 6 | E66: 5 | F66: 6 | G66: 7 | H66: 0.10798193 | I66: 0.79788456 | J66: 0.10798193 | K66: 0.10650698 | L66: 0.78698604 | M66: 0.10650698
A67: 9 | B67: 1 | C67: O | D67: 10 | E67: 9 | F67: 10 | H67: 0.10798193 | I67: 0.79788456 | K67: 0.11920292 | L67: 0.88079708
A68: 9 | B68: 2 | C68: O | D68: 9 | E68: 8 | F68: 9 | G68: 10 | H68: 0.10798193 | I68: 0.79788456 | J68: 0.10798193 | K68: 0.10650698 | L68: 0.78698604 | M68: 0.10650698
A69: 9 | B69: 3 | C69: O | D69: 9 | E69: 8 | F69: 9 | G69: 10 | H69: 0.10798193 | I69: 0.79788456 | J69: 0.10798193 | K69: 0.10650698 | L69: 0.78698604 | M69: 0.10650698
A70: 9 | B70: 1 | C70: D | D70: 1 | F70: 1 | G70: 2 | I70: 0.79788456 | J70: 0.10798193 | L70: 0.88079708 | M70: 0.11920292
A71: 9 | B71: 2 | C71: D | D71: 1 | F71: 1 | G71: 2 | I71: 0.79788456 | J71: 0.10798193 | L71: 0.88079708 | M71: 0.11920292
A72: 9 | B72: 1 | C72: S | D72: 4 | E72: 3 | F72: 4 | G72: 5 | H72: 0.10798193 | I72: 0.79788456 | J72: 0.10798193 | K72: 0.10650698 | L72: 0.78698604 | M72: 0.10650698
A73: 9 | B73: 2 | C73: S | D73: 6 | E73: 5 | F73: 6 | G73: 7 | H73: 0.10798193 | I73: 0.79788456 | J73: 0.10798193 | K73: 0.10650698 | L73: 0.78698604 | M73: 0.10650698
A74: 9 | B74: 3 | C74: S | D74: 7 | E74: 6 | F74: 7 | G74: 8 | H74: 0.10798193 | I74: 0.79788456 | J74: 0.10798193 | K74: 0.10650698 | L74: 0.78698604 | M74: 0.10650698
A75: 10 | B75: 1 | C75: O | D75: 7 | E75: 6 | F75: 7 | G75: 8 | H75: 0.10798193 | I75: 0.79788456 | J75: 0.10798193 | K75: 0.10650698 | L75: 0.78698604 | M75: 0.10650698
A76: 10 | B76: 2 | C76: O | D76: 6 | E76: 5 | F76: 6 | G76: 7 | H76: 0.10798193 | I76: 0.79788456 | J76: 0.10798193 | K76: 0.10650698 | L76: 0.78698604 | M76: 0.10650698
A77: 10 | B77: 3 | C77: O | D77: 8 | E77: 7 | F77: 8 | G77: 9 | H77: 0.10798193 | I77: 0.79788456 | J77: 0.10798193 | K77: 0.10650698 | L77: 0.78698604 | M77: 0.10650698
A78: 10 | B78: 1 | C78: D | D78: 5 | E78: 4 | F78: 5 | G78: 6 | H78: 0.10798193 | I78: 0.79788456 | J78: 0.10798193 | K78: 0.10650698 | L78: 0.78698604 | M78: 0.10650698
A79: 10 | B79: 2 | C79: D | D79: 6 | E79: 5 | F79: 6 | G79: 7 | H79: 0.10798193 | I79: 0.79788456 | J79: 0.10798193 | K79: 0.10650698 | L79: 0.78698604 | M79: 0.10650698
A80: 10 | B80: 1 | C80: S | D80: 7 | E80: 6 | F80: 7 | G80: 8 | H80: 0.10798193 | I80: 0.79788456 | J80: 0.10798193 | K80: 0.10650698 | L80: 0.78698604 | M80: 0.10650698
A81: 10 | B81: 2 | C81: S | D81: 5 | E81: 4 | F81: 5 | G81: 6 | H81: 0.10798193 | I81: 0.79788456 | J81: 0.10798193 | K81: 0.10650698 | L81: 0.78698604 | M81: 0.10650698
A82: 10 | B82: 3 | C82: S | D82: 7 | E82: 6 | F82: 7 | G82: 8 | H82: 0.10798193 | I82: 0.79788456 | J82: 0.10798193 | K82: 0.10650698 | L82: 0.78698604 | M82: 0.10650698
A83: 11 | B83: 1 | C83: O | D83: 5 | E83: 4 | F83: 5 | G83: 6 | H83: 0.10798193 | I83: 0.79788456 | J83: 0.10798193 | K83: 0.10650698 | L83: 0.78698604 | M83: 0.10650698
... A108: 14 | B108: 3 | C108: O | D108: 9 | E108: 8 | F108: 9 | G108: 10 | H108: 0.10798193 | I108: 0.79788456 | J108: 0.10798193 | K108: 0.10650698 | L108: 0.78698604 | M108: 0.10650698
A109: 14 | B109: 1 | C109: D | D109: 1 | F109: 1 | G109: 2 | I109: 0.79788456 | J109: 0.10798193 | L109: 0.88079708 | M109: 0.11920292
A110: 14 | B110: 2 | C110: D | D110: 2 | E110: 1 | F110: 2 | G110: 3 | H110: 0.10798193 | I110: 0.79788456 | J110: 0.10798193 | K110: 0.10650698 | L110: 0.78698604 | M110: 0.10650698
A111: 14 | B111: 3 | C111: D | D111: 4 | E111: 3 | F111: 4 | G111: 5 | H111: 0.10798193 | I111: 0.79788456 | J111: 0.10798193 | K111: 0.10650698 | L111: 0.78698604 | M111: 0.10650698
A112: 14 | B112: 1 | C112: S | D112: 9 | E112: 8 | F112: 9 | G112: 10 | H112: 0.10798193 | I112: 0.79788456 | J112: 0.10798193 | K112: 0.10650698 | L112: 0.78698604 | M112: 0.10650698
A113: 14 | B113: 2 | C113: S | D113: 8 | E113: 7 | F113: 8 | G113: 9 | H113: 0.10798193 | I113: 0.79788456 | J113: 0.10798193 | K113: 0.10650698 | L113: 0.78698604 | M113: 0.10650698
A114: 14 | B114: 3 | C114: S | D114: 6 | E114: 5 | F114: 6 | G114: 7 | H114: 0.10798193 | I114: 0.79788456 | J114: 0.10798193 | K114: 0.10650698 | L114: 0.78698604 | M114: 0.10650698
A115: 15 | B115: 1 | C115: O | D115: 8 | E115: 7 | F115: 8 | G115: 9 | H115: 0.10798193 | I115: 0.79788456 | J115: 0.10798193 | K115: 0.10650698 | L115: 0.78698604 | M115: 0.10650698
A116: 15 | B116: 2 | C116: O | D116: 6 | E116: 5 | F116: 6 | G116: 7 | H116: 0.10798193 | I116: 0.79788456 | J116: 0.10798193 | K116: 0.10650698 | L116: 0.78698604 | M116: 0.10650698
A117: 15 | B117: 3 | C117: O | D117: 7 | E117: 6 | F117: 7 | G117: 8 | H117: 0.10798193 | I117: 0.79788456 | J117: 0.10798193 | K117: 0.10650698 | L117: 0.78698604 | M117: 0.10650698
A118: 15 | B118: 1 | C118: D | D118: 1 | F118: 1 | G118: 2 | I118: 0.79788456 | J118: 0.10798193 | L118: 0.88079708 | M118: 0.11920292
A119: 15 | B119: 2 | C119: D | D119: 3 | E119: 2 | F119: 3 | G119: 4 | H119: 0.10798193 | I119: 0.79788456 | J119: 0.10798193 | K119: 0.10650698 | L119: 0.78698604 | M119: 0.10650698
A120: 15 | B120: 3 | C120: D | D120: 4 | E120: 3 | F120: 4 | G120: 5 | H120: 0.10798193 | I120: 0.79788456 | J120: 0.10798193 | K120: 0.10650698 | L120: 0.78698604 | M120: 0.10650698
A121: 15 | B121: 1 | C121: S | D121: 8 | E121: 7 | F121: 8 | G121: 9 | H121: 0.10798193 | I121: 0.79788456 | J121: 0.10798193 | K121: 0.10650698 | L121: 0.78698604 | M121: 0.10650698
A122: 15 | B122: 2 | C122: S | D122: 7 | E122: 6 | F122: 7 | G122: 8 | H122: 0.10798193 | I122: 0.79788456 | J122: 0.10798193 | K122: 0.10650698 | L122: 0.78698604 | M122: 0.10650698
A123: 15 | B123: 3 | C123: S | D123: 7 | E123: 6 | F123: 7 | G123: 8 | H123: 0.10798193 | I123: 0.79788456 | J123: 0.10798193 | K123: 0.10650698 | L123: 0.78698604 | M123: 0.10650698
A124: 16 | B124: 1 | C124: O | D124: 2 | E124: 1 | F124: 2 | G124: 3 | H124: 0.10798193 | I124: 0.79788456 | J124: 0.10798193 | K124: 0.10650698 | L124: 0.78698604 | M124: 0.10650698
A125: 16 | B125: 2 | C125: O | D125: 4 | E125: 3 | F125: 4 | G125: 5 | H125: 0.10798193 | I125: 0.79788456 | J125: 0.10798193 | K125: 0.10650698 | L125: 0.78698604 | M125: 0.10650698
A126: 16 | B126: 3 | C126: O | D126: 5 | E126: 4 | F126: 5 | G126: 6 | H126: 0.10798193 | I126: 0.79788456 | J126: 0.10798193 | K126: 0.10650698 | L126: 0.78698604 | M126: 0.10650698
A127: 16 | B127: 1 | C127: D | D127: 10 | E127: 9 | F127: 10 | H127: 0.10798193 | I127: 0.79788456 | K127: 0.11920292 | L127: 0.88079708
...

Sheet Eventos (2)
B1: Ocorrência | C1: Detecção | D1: Severidade
A2: 1. Entendimento do Negócio
A4: 1.1 Os objetivos da modelagem não são claramente definidos desde o início.
A5: 1.2 As exigências regulatórias são mal interpretadas pelas equipes envolvidas.
A6: 1.3 Há falhas na comunicação entre as áreas de risco, contabilidade, TI e negócio.
A7: 1.4 As responsabilidades no processo de modelagem não estão claramente distribuídas.
A8: 1.5 Não existe processo formal para revisar e atualizar o escopo da modelagem.
A10: 2. Entendimento dos Dados
A12: 2.1 As bases de dados apresentam falhas de completude, consistência ou confiabilidade.
A13: 2.2 Os prazos para entrega dos dados frequentemente não são cumpridos.
A14: 2.3 Os dados utilizados no modelo não estão devidamente documentados ou compreendidos.
A15: 2.4 As equipes enfrentam dificuldade para acessar as fontes de dados necessárias.
A16: 2.5 Não há monitoramento contínuo da qualidade dos dados.
... A57: 7.5 A organização não está preparada para adaptar os modelos às mudanças regulatórias.
